StudentID,Student.StudentName,Branch,Criteria,is_academic_eligible,not_eligible_reason,total_companies_for_him,same_domain_company_count,remaining_companies,total_companies_he_is_eligible_for,No of com.he_applied for,No.ofCompanies_he_sat,no_of_companies_cracked,no_of_same_domain_company_cracked,no_of_other_domain_company_cracked
STU001,Ishaan Dora,CSE,C1,Yes,,232,90,142,232,198,185,5,2,3
STU002,Madhav Buch,IT,C5,No,10th/12th <60,232,90,142,0,0,0,0,0,0
STU003,Shalv Sengupta,CSD,C1,Yes,,232,90,142,232,205,173,4,4,0
STU004,Vihaan Dhar,CSE,C1,Yes,,232,90,142,232,207,149,4,2,2
STU005,Mahika Karnik,CSE,C1,Yes,,232,90,142,232,183,137,4,2,2
STU006,Onkar Madan,EE,C1,Yes,,165,23,142,165,161,154,4,2,2
STU007,Diya Sangha,CSD,C4,No,Backlogs>=2,232,90,142,0,0,0,0,0,0
STU008,Darshit Varkey,CSE,C1,Yes,,232,90,142,232,226,225,0,0,0
STU009,Ivana Vyas,EE,C4,No,Backlogs>=2,165,23,142,0,0,0,0,0,0
STU010,Ishita Das,ME,C1,Yes,,154,12,142,154,116,83,4,1,3
STU011,Riya Vora,EC,C1,Yes,,142,0,142,161,114,91,0,0,0
STU012,Damini Guha,EC,C1,Yes,,142,0,142,161,127,95,1,0,1
STU013,Stuvan Datta,CSE-AIML,C1,Yes,,232,90,142,232,193,163,0,0,0
STU014,Krish Mane,Civil,C5,No,10th/12th <60,156,14,142,0,0,0,0,0,0
STU015,Rati Khurana,IT,C1,Yes,,232,90,142,232,171,124,0,0,0
STU016,Khushi Halder,CSE,C4,No,Backlogs>=2,232,90,142,0,0,0,0,0,0
STU017,Gokul Krishnamurthy,ME,C1,Yes,,154,12,142,154,124,101,5,3,2
STU018,Dhanush Gupta,EC,C1,Yes,,142,0,142,161,134,113,0,0,0
STU019,Fateh Gandhi,CSE,C4,No,Backlogs>=2,232,90,142,0,0,0,0,0,0
STU020,Heer Lala,EE,C1,Yes,,165,23,142,165,132,98,2,2,0
STU021,Rania Suresh,EC,C5,No,10th/12th <60,142,0,142,0,0,0,0,0,0
STU022,Suhana Bhatt,IT,C1,Yes,,232,90,142,232,197,174,5,3,2
STU023,Shray Madan,CSD,C4,No,Backlogs>=2,232,90,142,0,0,0,0,0,0
STU024,Sahil Chada,ME,C1,Yes,,154,12,142,154,130,91,6,3,3
STU025,Mannat Suri,EC,C1,Yes,,142,0,142,161,123,108,2,0,2
STU026,Damini Issac,IT,C1,Yes,,232,90,142,232,172,145,4,2,2
STU027,Bhavin Chander,EE,C1,Yes,,165,23,142,165,132,106,0,0,0
STU028,Urvi Sehgal,CSE-AIML,C4,No,Backlogs>=2,232,90,142,0,0,0,0,0,0
STU029,Samiha Ravi,IT,C1,Yes,,232,90,142,232,188,143,5,2,3
STU030,Kartik Goswami,CSE,C4,No,Backlogs>=2,232,90,142,0,0,0,0,0,0
STU031,Kimaya Sarraf,CSE-AIML,C1,Yes,,232,90,142,232,205,184,4,0,4
STU032,Saira Gokhale,EC,C1,Yes,,142,0,142,161,160,123,1,0,1
STU033,Oorja Raj,CSE,C1,Yes,,232,90,142,232,214,181,6,5,1
STU034,Divyansh Yohannan,ME,C1,Yes,,154,12,142,154,148,141,5,3,2
STU035,Aaina Sachdev,EC,C4,No,Backlogs>=2,142,0,142,0,0,0,0,0,0
STU036,Ira Chhabra,CSE,C4,No,Backlogs>=2,232,90,142,0,0,0,0,0,0
STU037,Miraan Bhakta,IT,C1,Yes,,232,90,142,232,164,140,3,3,0
STU038,Ira Kade,CSE-AIML,C4,No,Backlogs>=2,232,90,142,0,0,0,0,0,0
STU039,Mannat Apte,CSE,C1,Yes,,232,90,142,232,210,202,4,2,2
STU040,Manjari Das,CSD,C1,Yes,,232,90,142,232,212,172,0,0,0
STU041,Anay Guha,IT,C1,Yes,,232,90,142,232,167,129,2,1,1
STU042,Ivana Barman,CSD,C1,Yes,,232,90,142,232,167,124,4,1,3
STU043,Prisha Sood,CSE,C1,Yes,,232,90,142,232,187,134,4,2,2
STU044,Gatik Bir,EC,C1,Yes,,142,0,142,161,123,106,2,0,2
STU045,Nayantara Soman,EE,C3,Yes,,165,23,142,84,83,69,2,2,0
STU046,Neysa Arya,EE,C1,Yes,,165,23,142,165,143,129,4,2,2
STU047,Jayan Setty,EC,C1,Yes,,142,0,142,161,119,118,2,0,2
STU048,Shlok Thaman,EE,C1,Yes,,165,23,142,165,154,130,6,3,3
STU049,Indrajit Tailor,EC,C4,No,Backlogs>=2,142,0,142,0,0,0,0,0,0
STU050,Vedika Tak,EC,C1,Yes,,142,0,142,161,120,95,1,0,1
STU051,Advik Kota,CSE,C1,Yes,,232,90,142,232,220,195,3,1,2
STU052,Nitara Mane,EC,C1,Yes,,142,0,142,161,149,125,2,0,2
STU053,Zeeshan Khanna,CSE,C3,Yes,,232,90,142,115,100,73,0,0,0
STU054,Lakshay Dhar,CSD,C1,Yes,,232,90,142,232,218,188,3,2,1
STU055,Dhanush Kar,CSE-AIML,C1,Yes,,232,90,142,232,200,161,3,1,2
STU056,Vardaniya Goswami,CSD,C1,Yes,,232,90,142,232,220,200,2,1,1
STU057,Veer Basak,CSE,C1,Yes,,232,90,142,232,179,156,2,1,1
STU058,Nitara Varughese,IT,C1,Yes,,232,90,142,232,188,143,5,1,4
STU059,Anya Loke,IT,C4,No,Backlogs>=2,232,90,142,0,0,0,0,0,0
STU060,Inaaya  Bhavsar,CSD,C1,Yes,,232,90,142,232,165,142,5,3,2
STU061,Nayantara Lad,EE,C1,Yes,,165,23,142,165,131,120,6,3,3
STU062,Armaan Tank,CSE,C1,Yes,,232,90,142,232,214,178,4,1,3
STU063,Shlok Rao,ME,C1,Yes,,154,12,142,154,127,104,2,2,0
STU064,Emir Edwin,EE,C3,Yes,,165,23,142,84,71,67,1,1,0
STU065,Stuvan Dixit,IT,C4,No,Backlogs>=2,232,90,142,0,0,0,0,0,0
STU066,Kabir Mane,CSE-AIML,C3,Yes,,232,90,142,115,96,87,0,0,0
STU067,Kabir Bahl,ME,C1,Yes,,154,12,142,154,143,117,3,3,0
STU068,Divyansh Sule,CSE,C1,Yes,,232,90,142,232,193,150,3,2,1
STU069,Aaryahi Venkatesh,CSE,C4,No,Backlogs>=2,232,90,142,0,0,0,0,0,0
STU070,Advika Sengupta,Civil,C1,Yes,,156,14,142,156,113,80,6,5,1
STU071,Veer Choudhry,CSE,C3,Yes,,232,90,142,115,94,80,0,0,0
STU072,Nirvaan Loyal,CSE,C1,Yes,,232,90,142,232,201,198,3,2,1
STU073,Arhaan Korpal,CSD,C1,Yes,,232,90,142,232,214,201,3,1,2
STU074,Arhaan Bhardwaj,CSE-AIML,C4,No,Backlogs>=2,232,90,142,0,0,0,0,0,0
STU075,Arhaan Raja,CSE,C1,Yes,,232,90,142,232,192,168,2,0,2
STU076,Alia Chatterjee,CSD,C1,Yes,,232,90,142,232,163,148,5,4,1
STU077,Aniruddh Gill,CSE,C1,Yes,,232,90,142,232,163,163,7,5,2
STU078,Kismat Walla,CSD,C4,No,Backlogs>=2,232,90,142,0,0,0,0,0,0
STU079,Nayantara Thaman,ME,C1,Yes,,154,12,142,154,146,107,3,0,3
STU080,Manjari Bhatt,IT,C5,No,10th/12th <60,232,90,142,0,0,0,0,0,0
STU081,Saanvi Bail,IT,C1,Yes,,232,90,142,232,188,139,4,3,1
STU082,Ryan Goel,ME,C1,Yes,,154,12,142,154,139,137,3,1,2
STU083,Aradhya Dixit,EE,C4,No,Backlogs>=2,165,23,142,0,0,0,0,0,0
STU084,Mahika Ahuja,IT,C3,Yes,,232,90,142,115,87,62,5,2,3
STU085,Ishita D’Alia,CSE,C4,No,Backlogs>=2,232,90,142,0,0,0,0,0,0
STU086,Adira Arora,CSE,C1,Yes,,232,90,142,232,183,161,1,0,1
STU087,Himmat Hora,CSD,C4,No,Backlogs>=2,232,90,142,0,0,0,0,0,0
STU088,Nehmat Iyer,IT,C1,Yes,,232,90,142,232,206,202,5,2,3
STU089,Yuvraj  Mannan,CSD,C4,No,Backlogs>=2,232,90,142,0,0,0,0,0,0
STU090,Darshit Sodhi,CSE,C1,Yes,,232,90,142,232,195,145,3,1,2
STU091,Hazel Goda,CSE,C3,Yes,,232,90,142,115,106,85,1,0,1
STU092,Mehul Bath,CSE,C1,Yes,,232,90,142,232,184,140,1,1,0
STU093,Ivan Sabharwal,CSD,C4,No,Backlogs>=2,232,90,142,0,0,0,0,0,0
STU094,Lakshay Bhargava,CSE-AIML,C4,No,Backlogs>=2,232,90,142,0,0,0,0,0,0
STU095,Uthkarsh Keer,CSE-AIML,C1,Yes,,232,90,142,232,225,207,4,1,3
STU096,Samaira Konda,CSD,C1,Yes,,232,90,142,232,167,165,5,4,1
STU097,Ishaan Seshadri,CSE,C1,Yes,,232,90,142,232,196,179,4,1,3
STU098,Badal Sama,CSD,C1,Yes,,232,90,142,232,213,176,5,2,3
STU099,Saira Toor,Civil,C1,Yes,,156,14,142,156,140,112,6,5,1
STU100,Tejas Manne,CSE,C1,Yes,,232,90,142,232,164,145,4,1,3
STU101,Reyansh Rajagopal,CSD,C5,No,10th/12th <60,232,90,142,0,0,0,0,0,0
STU102,Nayantara Raman,CSD,C4,No,Backlogs>=2,232,90,142,0,0,0,0,0,0
STU103,Trisha Ghose,IT,C1,Yes,,232,90,142,232,190,138,3,2,1
STU104,Jhanvi De,CSD,C1,Yes,,232,90,142,232,165,158,2,2,0
STU105,Lagan Mander,CSE,C2,Yes,,232,90,142,192,139,108,0,0,0
STU106,Lavanya Suresh,EE,C1,Yes,,165,23,142,165,159,121,7,4,3
STU107,Hiran Shroff,CSD,C4,No,Backlogs>=2,232,90,142,0,0,0,0,0,0
STU108,Stuvan Deshmukh,CSE,C2,Yes,,232,90,142,192,152,125,2,2,0
STU109,Samaira Ravi,CSE,C4,No,Backlogs>=2,232,90,142,0,0,0,0,0,0
STU110,Misha Koshy,IT,C4,No,Backlogs>=2,232,90,142,0,0,0,0,0,0
STU111,Kanav Konda,CSD,C1,Yes,,232,90,142,232,217,216,4,3,1
STU112,Hrishita Raja,IT,C1,Yes,,232,90,142,232,216,184,6,4,2
STU113,Madhup Soni,CSE-AIML,C1,Yes,,232,90,142,232,167,145,4,3,1
STU114,Reyansh Acharya,CSE,C4,No,Backlogs>=2,232,90,142,0,0,0,0,0,0
STU115,Trisha Chawla,IT,C1,Yes,,232,90,142,232,185,160,3,2,1
STU116,Zaina Gara,EC,C3,Yes,,142,0,142,81,65,52,0,0,0
STU117,Nirvi Sandhu,CSD,C1,Yes,,232,90,142,232,169,127,6,4,2
STU118,Ishita Warrior,CSE,C1,Yes,,232,90,142,232,205,166,3,1,2
STU119,Ira Deshpande,IT,C5,No,10th/12th <60,232,90,142,0,0,0,0,0,0
STU120,Nehmat Venkataraman,IT,C1,Yes,,232,90,142,232,178,167,2,1,1
STU121,Kabir Iyer,EE,C4,No,Backlogs>=2,165,23,142,0,0,0,0,0,0
STU122,Manikya Dass,CSE,C4,No,Backlogs>=2,232,90,142,0,0,0,0,0,0
STU123,Eva Bhattacharyya,EC,C5,No,10th/12th <60,142,0,142,0,0,0,0,0,0
STU124,Taran Malhotra,EE,C1,Yes,,165,23,142,165,147,143,2,2,0
STU125,Aarush Raman,IT,C4,No,Backlogs>=2,232,90,142,0,0,0,0,0,0
STU126,Adah Doctor,IT,C4,No,Backlogs>=2,232,90,142,0,0,0,0,0,0
STU127,Indranil Ahuja,EE,C1,Yes,,165,23,142,165,141,127,4,3,1
STU128,Sara Soman,CSD,C1,Yes,,232,90,142,232,162,132,4,0,4
STU129,Dhruv Sem,CSE,C1,Yes,,232,90,142,232,232,188,4,1,3
STU130,Ranbir Banerjee,CSD,C1,Yes,,232,90,142,232,211,180,3,1,2
STU131,Shalv Chakrabarti,CSE,C3,Yes,,232,90,142,115,81,74,4,1,3
STU132,Tejas Kadakia,CSE,C1,Yes,,232,90,142,232,214,181,4,3,1
STU133,Dishani Tara,EC,C1,Yes,,142,0,142,161,133,96,1,0,1
STU134,Rohan Sarin,CSD,C2,Yes,,232,90,142,192,174,168,0,0,0
STU135,Rasha Chopra,EC,C2,Yes,,142,0,142,137,130,112,0,0,0
STU136,Sara Sani,EE,C1,Yes,,165,23,142,165,126,92,3,1,2
STU137,Taimur Ramanathan,ME,C1,Yes,,154,12,142,154,118,96,4,1,3
STU138,Piya Roy,EE,C1,Yes,,165,23,142,165,121,105,5,2,3
STU139,Samaira Gala,EE,C1,Yes,,165,23,142,165,139,99,3,2,1
STU140,Rasha Ramakrishnan,CSE,C1,Yes,,232,90,142,232,208,201,4,1,3
STU141,Tejas Bajwa,IT,C1,Yes,,232,90,142,232,171,121,3,2,1
STU142,Samiha Varma,CSE-AIML,C1,Yes,,232,90,142,232,193,151,1,0,1
STU143,Akarsh Reddy,CSD,C4,No,Backlogs>=2,232,90,142,0,0,0,0,0,0
STU144,Anay Date,IT,C4,No,Backlogs>=2,232,90,142,0,0,0,0,0,0
STU145,Yuvraj  Bhandari,CSE-AIML,C4,No,Backlogs>=2,232,90,142,0,0,0,0,0,0
STU146,Ishita Mann,IT,C1,Yes,,232,90,142,232,165,139,5,3,2
STU147,Kaira Tara,IT,C4,No,Backlogs>=2,232,90,142,0,0,0,0,0,0
STU148,Kashvi Dara,CSE-AIML,C1,Yes,,232,90,142,232,201,150,5,2,3
STU149,Amira Kohli,CSE,C1,Yes,,232,90,142,232,224,220,6,5,1
STU150,Onkar Golla,IT,C3,Yes,,232,90,142,115,95,89,1,1,0
STU151,Piya Kar,CSD,C1,Yes,,232,90,142,232,221,205,2,1,1
STU152,Manikya Sidhu,CSE,C4,No,Backlogs>=2,232,90,142,0,0,0,0,0,0
STU153,Yashvi Apte,EE,C3,Yes,,165,23,142,84,74,65,0,0,0
STU154,Oorja Bandi,CSE-AIML,C1,Yes,,232,90,142,232,169,162,0,0,0
STU155,Neysa Contractor,CSE-AIML,C1,Yes,,232,90,142,232,213,161,4,3,1
STU156,Anika Baria,ME,C3,Yes,,154,12,142,79,78,64,0,0,0
STU157,Tara Ratti,ME,C4,No,Backlogs>=2,154,12,142,0,0,0,0,0,0
STU158,Jivin Gole,IT,C1,Yes,,232,90,142,232,179,162,3,2,1
STU159,Nitya Bansal,CSD,C1,Yes,,232,90,142,232,188,135,3,2,1
STU160,Aradhya Chhabra,CSE,C1,Yes,,232,90,142,232,222,156,4,3,1
STU161,Vritika Andra,IT,C5,No,10th/12th <60,232,90,142,0,0,0,0,0,0
STU162,Eshani Lad,CSD,C1,Yes,,232,90,142,232,183,174,2,0,2
STU163,Faiyaz Sandhu,EC,C2,Yes,,142,0,142,137,111,104,1,0,1
STU164,Azad Swamy,CSD,C4,No,Backlogs>=2,232,90,142,0,0,0,0,0,0
STU165,Amira Loyal,IT,C1,Yes,,232,90,142,232,190,142,2,1,1
STU166,Kashvi Trivedi,CSD,C1,Yes,,232,90,142,232,208,196,4,0,4
STU167,Anaya Deol,CSE-AIML,C1,Yes,,232,90,142,232,182,130,3,3,0
STU168,Shray Batra,CSE-AIML,C1,Yes,,232,90,142,232,225,159,3,2,1
STU169,Arnav Kant,CSE,C1,Yes,,232,90,142,232,170,163,4,1,3
STU170,Bhamini Cherian,EC,C1,Yes,,142,0,142,161,144,131,1,0,1
STU171,Ojas Rout,Civil,C1,Yes,,156,14,142,156,155,147,6,6,0
STU172,Aradhya Keer,EC,C1,Yes,,142,0,142,161,135,128,1,0,1
STU173,Ishita Bansal,IT,C2,Yes,,232,90,142,192,161,123,0,0,0
STU174,Lagan Sarna,EE,C1,Yes,,165,23,142,165,153,116,5,4,1
STU175,Ahana  Barman,IT,C5,No,10th/12th <60,232,90,142,0,0,0,0,0,0
STU176,Kartik Bandi,CSE,C4,No,Backlogs>=2,232,90,142,0,0,0,0,0,0
STU177,Aaina Golla,IT,C1,Yes,,232,90,142,232,168,150,1,1,0
STU178,Prerak Raman,EE,C1,Yes,,165,23,142,165,155,144,6,3,3
STU179,Umang Brahmbhatt,Civil,C1,Yes,,156,14,142,156,133,110,2,2,0
STU180,Shanaya Rau,CSE,C1,Yes,,232,90,142,232,224,167,3,1,2
STU181,Raunak Sathe,EC,C1,Yes,,142,0,142,161,113,100,3,0,3
STU182,Anay Agate,CSD,C1,Yes,,232,90,142,232,220,199,3,2,1
STU183,Sana Chaudhari,CSE,C5,No,10th/12th <60,232,90,142,0,0,0,0,0,0
STU184,Jayant Chowdhury,CSD,C4,No,Backlogs>=2,232,90,142,0,0,0,0,0,0
STU185,Raghav Bedi,ME,C1,Yes,,154,12,142,154,124,110,5,2,3
STU186,Biju Sinha,CSE,C1,Yes,,232,90,142,232,190,151,5,2,3
STU187,Navya Sachdeva,CSE,C1,Yes,,232,90,142,232,176,153,4,3,1
STU188,Riaan Kakar,CSE,C1,Yes,,232,90,142,232,182,140,3,2,1
STU189,Navya Bhasin,EC,C1,Yes,,142,0,142,161,147,115,0,0,0
STU190,Dishani Vaidya,CSD,C4,No,Backlogs>=2,232,90,142,0,0,0,0,0,0
STU191,Jivin Rao,CSD,C1,Yes,,232,90,142,232,164,151,3,0,3
STU192,Indrajit Char,CSD,C1,Yes,,232,90,142,232,171,147,4,2,2
STU193,Hrishita Samra,CSD,C3,Yes,,232,90,142,115,106,92,1,1,0
STU194,Trisha Subramanian,IT,C1,Yes,,232,90,142,232,231,169,5,2,3
STU195,Purab Sekhon,CSE-AIML,C1,Yes,,232,90,142,232,174,143,4,3,1
STU196,Sumer Chakrabarti,IT,C1,Yes,,232,90,142,232,209,208,4,2,2
STU197,Elakshi Saran,CSD,C1,Yes,,232,90,142,232,214,202,2,2,0
STU198,Tarini Doshi,CSE-AIML,C4,No,Backlogs>=2,232,90,142,0,0,0,0,0,0
STU199,Advik Hora,CSE,C4,No,Backlogs>=2,232,90,142,0,0,0,0,0,0
STU200,Kismat Chada,CSE,C5,No,10th/12th <60,232,90,142,0,0,0,0,0,0
STU201,Mishti Agarwal,EE,C1,Yes,,165,23,142,165,121,117,4,4,0
STU202,Ryan Kata,EE,C4,No,Backlogs>=2,165,23,142,0,0,0,0,0,0
STU203,Indrajit Uppal,CSE,C4,No,Backlogs>=2,232,90,142,0,0,0,0,0,0
STU204,Shalv Mani,Civil,C3,Yes,,156,14,142,79,76,54,1,1,0
STU205,Kiara Bose,CSE-AIML,C3,Yes,,232,90,142,115,109,94,0,0,0
STU206,Taimur Bandi,CSE,C3,Yes,,232,90,142,115,87,68,0,0,0
STU207,Lakshit Bhakta,CSE-AIML,C1,Yes,,232,90,142,232,173,159,4,0,4
STU208,Ritvik Reddy,CSE,C1,Yes,,232,90,142,232,175,131,4,0,4
STU209,Vidur Singhal,EE,C2,Yes,,165,23,142,142,100,94,0,0,0
STU210,Yuvraj  Sridhar,IT,C1,Yes,,232,90,142,232,212,159,6,2,4
STU211,Lavanya Mannan,EC,C4,No,Backlogs>=2,142,0,142,0,0,0,0,0,0
STU212,Shayak Bansal,ME,C3,Yes,,154,12,142,79,76,69,1,1,0
STU213,Adira Kakar,CSE,C4,No,Backlogs>=2,232,90,142,0,0,0,0,0,0
STU214,Rhea Bumb,IT,C1,Yes,,232,90,142,232,196,172,3,1,2
STU215,Shamik Suresh,CSD,C1,Yes,,232,90,142,232,182,130,2,2,0
STU216,Vivaan Garde,Civil,C1,Yes,,156,14,142,156,130,126,7,4,3
STU217,Tarini Saran,CSE,C3,Yes,,232,90,142,115,97,95,2,1,1
STU218,Lavanya Basu,EC,C2,Yes,,142,0,142,137,130,129,0,0,0
STU219,Suhana Mann,EC,C1,Yes,,142,0,142,161,160,148,0,0,0
STU220,Seher Handa,EE,C1,Yes,,165,23,142,165,132,111,7,5,2
STU221,Seher Badami,CSE,C1,Yes,,232,90,142,232,216,168,3,1,2
STU222,Sahil Badami,EE,C4,No,Backlogs>=2,165,23,142,0,0,0,0,0,0
STU223,Anvi Kumar,CSE,C1,Yes,,232,90,142,232,168,133,3,1,2
STU224,Dhanuk Maharaj,CSE-AIML,C2,Yes,,232,90,142,192,166,156,1,1,0
STU225,Ishaan Rastogi,CSD,C1,Yes,,232,90,142,232,225,209,3,1,2
STU226,Saira Barad,CSE,C4,No,Backlogs>=2,232,90,142,0,0,0,0,0,0
STU227,Ishaan Sharaf,CSE,C3,Yes,,232,90,142,115,89,65,4,0,4
STU228,Tarini Chanda,CSE,C1,Yes,,232,90,142,232,211,175,5,2,3
STU229,Kismat Sengupta,IT,C1,Yes,,232,90,142,232,227,222,3,0,3
STU230,Ehsaan Sandhu,Civil,C1,Yes,,156,14,142,156,125,106,6,3,3
STU231,Rohan Sule,CSD,C1,Yes,,232,90,142,232,223,201,6,4,2
STU232,Eshani Walia,CSD,C1,Yes,,232,90,142,232,182,138,3,3,0
STU233,Hunar Ahluwalia,CSD,C1,Yes,,232,90,142,232,208,168,3,2,1
STU234,Divit Golla,CSE,C1,Yes,,232,90,142,232,216,202,5,3,2
STU235,Prisha Rege,CSE-AIML,C1,Yes,,232,90,142,232,186,182,6,3,3
STU236,Manjari Mann,ME,C1,Yes,,154,12,142,154,113,98,4,3,1
STU237,Siya Chopra,CSD,C4,No,Backlogs>=2,232,90,142,0,0,0,0,0,0
STU238,Aaina Iyer,CSD,C3,Yes,,232,90,142,115,106,104,2,0,2
STU239,Lavanya Soni,Civil,C1,Yes,,156,14,142,156,115,112,3,2,1
STU240,Neelofar Ravel,CSE-AIML,C5,No,10th/12th <60,232,90,142,0,0,0,0,0,0
STU241,Jivin Rajan,IT,C2,Yes,,232,90,142,192,151,142,1,1,0
STU242,Nishith Thaman,IT,C4,No,Backlogs>=2,232,90,142,0,0,0,0,0,0
STU243,Aayush Sibal,IT,C1,Yes,,232,90,142,232,205,201,6,2,4
STU244,Eshani Dhar,CSE-AIML,C4,No,Backlogs>=2,232,90,142,0,0,0,0,0,0
STU245,Kabir Bhandari,CSE,C1,Yes,,232,90,142,232,227,223,5,3,2
STU246,Yuvraj  Bali,EE,C1,Yes,,165,23,142,165,123,120,5,0,5
STU247,Nakul Choudhary,IT,C1,Yes,,232,90,142,232,229,190,6,4,2
STU248,Veer Loke,IT,C4,No,Backlogs>=2,232,90,142,0,0,0,0,0,0
STU249,Shray Bala,ME,C1,Yes,,154,12,142,154,122,90,7,4,3
STU250,Seher Gopal,CSE,C4,No,Backlogs>=2,232,90,142,0,0,0,0,0,0
STU251,Farhan Bhatt,EC,C1,Yes,,142,0,142,161,160,143,2,0,2
STU252,Yuvraj  Agrawal,CSE,C1,Yes,,232,90,142,232,212,180,1,1,0
STU253,Krish Sunder,CSE,C1,Yes,,232,90,142,232,212,187,3,0,3
STU254,Shanaya Wagle,CSD,C1,Yes,,232,90,142,232,162,117,3,1,2
STU255,Parinaaz Rattan,CSE,C1,Yes,,232,90,142,232,219,162,2,1,1
STU256,Tejas Dixit,CSE,C4,No,Backlogs>=2,232,90,142,0,0,0,0,0,0
STU257,Seher Shankar,EC,C4,No,Backlogs>=2,142,0,142,0,0,0,0,0,0
STU258,Kiara Gade,CSD,C1,Yes,,232,90,142,232,184,182,5,3,2
STU259,Jiya Varkey,CSE,C1,Yes,,232,90,142,232,217,174,6,3,3
STU260,Shayak Sen,CSE,C1,Yes,,232,90,142,232,206,155,2,0,2
STU261,Eva Ghose,IT,C1,Yes,,232,90,142,232,179,146,2,2,0
STU262,Dhanush Kunda,EE,C1,Yes,,165,23,142,165,118,110,1,0,1
STU263,Farhan Krishnan,CSE,C1,Yes,,232,90,142,232,201,177,4,1,3
STU264,Jivin Sawhney,CSE,C5,No,10th/12th <60,232,90,142,0,0,0,0,0,0
STU265,Prerak Bhardwaj,CSD,C1,Yes,,232,90,142,232,199,168,3,1,2
STU266,Badal Kakar,CSE,C4,No,Backlogs>=2,232,90,142,0,0,0,0,0,0
STU267,Zara Kohli,EE,C3,Yes,,165,23,142,84,70,54,0,0,0
STU268,Jivika Upadhyay,CSD,C1,Yes,,232,90,142,232,224,223,3,0,3
STU269,Krish Rama,IT,C1,Yes,,232,90,142,232,215,161,3,1,2
STU270,Kashvi Srinivasan,ME,C3,Yes,,154,12,142,79,55,49,0,0,0
STU271,Ishita Sekhon,CSE,C1,Yes,,232,90,142,232,170,148,5,4,1
STU272,Devansh Chandra,CSD,C3,Yes,,232,90,142,115,82,75,0,0,0
STU273,Elakshi Shah,IT,C1,Yes,,232,90,142,232,165,121,2,2,0
STU274,Sumer Dugar,IT,C3,Yes,,232,90,142,115,112,89,1,1,0
STU275,Bhavin Banerjee,CSD,C1,Yes,,232,90,142,232,189,146,1,0,1
STU276,Shamik De,IT,C1,Yes,,232,90,142,232,201,158,6,5,1
STU277,Vivaan Chatterjee,IT,C1,Yes,,232,90,142,232,216,162,4,4,0
STU278,Lakshay Bajaj,Civil,C4,No,Backlogs>=2,156,14,142,0,0,0,0,0,0
STU279,Romil Ramesh,IT,C4,No,Backlogs>=2,232,90,142,0,0,0,0,0,0
STU280,Urvi Amble,IT,C3,Yes,,232,90,142,115,110,88,0,0,0
STU281,Aaina Kohli,IT,C5,No,10th/12th <60,232,90,142,0,0,0,0,0,0
STU282,Inaaya  Master,CSE,C1,Yes,,232,90,142,232,183,143,3,2,1
STU283,Ishita Talwar,CSE-AIML,C1,Yes,,232,90,142,232,225,185,4,0,4
STU284,Badal Shan,CSE-AIML,C5,No,10th/12th <60,232,90,142,0,0,0,0,0,0
STU285,Diya Gokhale,Civil,C1,Yes,,156,14,142,156,109,93,5,4,1
STU286,Miraya Boase,IT,C1,Yes,,232,90,142,232,206,160,0,0,0
STU287,Aarav Sant,CSE,C3,Yes,,232,90,142,115,106,79,0,0,0
STU288,Drishya Brar,ME,C1,Yes,,154,12,142,154,135,106,6,6,0
STU289,Advika Yogi,CSD,C1,Yes,,232,90,142,232,172,171,3,2,1
STU290,Mahika Solanki,CSE,C4,No,Backlogs>=2,232,90,142,0,0,0,0,0,0
STU291,Ivana Comar,CSE,C1,Yes,,232,90,142,232,184,182,2,2,0
STU292,Jivin Kothari,CSE,C1,Yes,,232,90,142,232,190,142,0,0,0
STU293,Shaan Tandon,EC,C2,Yes,,142,0,142,137,117,95,1,0,1
STU294,Pranay Barman,CSE,C4,No,Backlogs>=2,232,90,142,0,0,0,0,0,0
STU295,Aniruddh Jani,CSD,C1,Yes,,232,90,142,232,190,159,2,1,1
STU296,Aaina Bansal,CSE,C4,No,Backlogs>=2,232,90,142,0,0,0,0,0,0
STU297,Zaina Ramachandran,CSE-AIML,C1,Yes,,232,90,142,232,182,173,6,4,2
STU298,Jhanvi Vaidya,Civil,C1,Yes,,156,14,142,156,132,123,4,1,3
STU299,Manjari Ray,CSE-AIML,C1,Yes,,232,90,142,232,217,206,2,1,1
STU300,Shalv Sundaram,CSD,C1,Yes,,232,90,142,232,185,132,3,0,3
STU301,Devansh Barad,CSE,C3,Yes,,232,90,142,115,86,82,0,0,0
STU302,Mamooty Iyer,Civil,C4,No,Backlogs>=2,156,14,142,0,0,0,0,0,0
STU303,Fateh Dugar,CSE,C4,No,Backlogs>=2,232,90,142,0,0,0,0,0,0
STU304,Rati Vig,IT,C1,Yes,,232,90,142,232,221,169,3,3,0
STU305,Diya Jhaveri,CSE,C1,Yes,,232,90,142,232,220,180,2,1,1
STU306,Parinaaz Dube,CSE-AIML,C4,No,Backlogs>=2,232,90,142,0,0,0,0,0,0
STU307,Nayantara Chaudhuri,ME,C4,No,Backlogs>=2,154,12,142,0,0,0,0,0,0
STU308,Myra Dutta,IT,C4,No,Backlogs>=2,232,90,142,0,0,0,0,0,0
STU309,Kabir Baral,CSE-AIML,C1,Yes,,232,90,142,232,200,144,2,2,0
STU310,Dishani Handa,IT,C1,Yes,,232,90,142,232,214,181,6,3,3
STU311,Anaya Sarna,EE,C2,Yes,,165,23,142,142,130,115,1,1,0
STU312,Piya Sidhu,CSD,C4,No,Backlogs>=2,232,90,142,0,0,0,0,0,0
STU313,Indrans Devi,EE,C1,Yes,,165,23,142,165,137,128,5,2,3
STU314,Kavya Boase,CSE-AIML,C1,Yes,,232,90,142,232,210,167,2,1,1
STU315,Stuvan Kamdar,ME,C1,Yes,,154,12,142,154,135,123,5,2,3
STU316,Aaryahi Mahal,Civil,C1,Yes,,156,14,142,156,154,117,6,4,2
STU317,Mehul Bhatti,IT,C1,Yes,,232,90,142,232,170,150,4,2,2
STU318,Urvi Kata,ME,C1,Yes,,154,12,142,154,126,124,4,4,0
STU319,Zeeshan Kala,IT,C1,Yes,,232,90,142,232,217,173,4,1,3
STU320,Zara Wadhwa,CSE-AIML,C1,Yes,,232,90,142,232,164,133,3,2,1
STU321,Madhup Garg,CSE,C1,Yes,,232,90,142,232,177,157,4,2,2
STU322,Dharmajan Kumar,CSE-AIML,C3,Yes,,232,90,142,115,86,64,0,0,0
STU323,Saanvi Chad,CSD,C1,Yes,,232,90,142,232,190,189,0,0,0
STU324,Kavya Brar,EC,C1,Yes,,142,0,142,161,141,129,0,0,0
STU325,Damini Sarna,CSE,C1,Yes,,232,90,142,232,166,140,4,3,1
STU326,Anay Dhar,CSE,C1,Yes,,232,90,142,232,166,161,3,1,2
STU327,Charvi Wali,EC,C2,Yes,,142,0,142,137,101,95,0,0,0
STU328,Rohan Brahmbhatt,CSE-AIML,C2,Yes,,232,90,142,192,157,131,1,0,1
STU329,Advika Wason,CSD,C1,Yes,,232,90,142,232,201,158,0,0,0
STU330,Yakshit Shah,EE,C1,Yes,,165,23,142,165,126,110,3,2,1
STU331,Ishita Mall,CSE-AIML,C3,Yes,,232,90,142,115,112,109,0,0,0
STU332,Hrishita Kothari,Civil,C1,Yes,,156,14,142,156,138,126,3,2,1
STU333,Samarth Bhargava,CSE,C5,No,10th/12th <60,232,90,142,0,0,0,0,0,0
STU334,Ranbir Mani,IT,C1,Yes,,232,90,142,232,229,224,5,2,3
STU335,Heer Shukla,CSE,C1,Yes,,232,90,142,232,182,136,0,0,0
STU336,Aarna Kanda,CSE,C1,Yes,,232,90,142,232,218,191,3,2,1
STU337,Neelofar Kaur,CSD,C1,Yes,,232,90,142,232,202,191,3,1,2
STU338,Ranbir Kumar,CSD,C1,Yes,,232,90,142,232,227,212,6,2,4
STU339,Sahil Chanda,CSE-AIML,C1,Yes,,232,90,142,232,213,191,4,1,3
STU340,Miraya Sharaf,EE,C1,Yes,,165,23,142,165,137,113,2,1,1
STU341,Faiyaz Gupta,CSE,C3,Yes,,232,90,142,115,112,82,0,0,0
STU342,Darshit Sidhu,CSD,C2,Yes,,232,90,142,192,153,121,1,0,1
STU343,Chirag Verma,Civil,C1,Yes,,156,14,142,156,150,107,1,0,1
STU344,Aarav Korpal,CSE,C4,No,Backlogs>=2,232,90,142,0,0,0,0,0,0
STU345,Faiyaz Sharma,CSE-AIML,C4,No,Backlogs>=2,232,90,142,0,0,0,0,0,0
STU346,Ojas Vyas,EE,C1,Yes,,165,23,142,165,121,102,4,4,0
STU347,Amira Ben,IT,C5,No,10th/12th <60,232,90,142,0,0,0,0,0,0
STU348,Ehsaan Dutt,CSE-AIML,C1,Yes,,232,90,142,232,205,189,7,4,3
STU349,Lakshay Kapadia,CSE,C4,No,Backlogs>=2,232,90,142,0,0,0,0,0,0
STU350,Ivan Sachar,ME,C2,Yes,,154,12,142,131,123,99,1,1,0
STU351,Madhup Sagar,Civil,C1,Yes,,156,14,142,156,141,125,4,2,2
STU352,Purab Aurora,Civil,C4,No,Backlogs>=2,156,14,142,0,0,0,0,0,0
STU353,Aaryahi Iyengar,CSE,C5,No,10th/12th <60,232,90,142,0,0,0,0,0,0
STU354,Zeeshan Ramanathan,CSE,C4,No,Backlogs>=2,232,90,142,0,0,0,0,0,0
STU355,Hrishita Savant,CSE-AIML,C2,Yes,,232,90,142,192,188,185,0,0,0
STU356,Aaryahi Bawa,EE,C1,Yes,,165,23,142,165,151,111,5,5,0
STU357,Divit Manda,EC,C3,Yes,,142,0,142,81,66,63,0,0,0
STU358,Pari Hari,IT,C1,Yes,,232,90,142,232,210,148,4,1,3
STU359,Hansh Sibal,IT,C1,Yes,,232,90,142,232,201,158,0,0,0
STU360,Shayak Soman,CSE,C4,No,Backlogs>=2,232,90,142,0,0,0,0,0,0
STU361,Riaan Bora,CSE-AIML,C1,Yes,,232,90,142,232,190,182,6,4,2
STU362,Shray Borra,IT,C1,Yes,,232,90,142,232,200,145,4,3,1
STU363,Diya Madan,Civil,C3,Yes,,156,14,142,79,66,53,0,0,0
STU364,Mehul Bhargava,EE,C4,No,Backlogs>=2,165,23,142,0,0,0,0,0,0
STU365,Vivaan Bansal,Civil,C1,Yes,,156,14,142,156,151,123,4,3,1
STU366,Gokul Ben,IT,C1,Yes,,232,90,142,232,169,134,2,1,1
STU367,Amira Rattan,CSE-AIML,C4,No,Backlogs>=2,232,90,142,0,0,0,0,0,0
STU368,Kismat Raju,ME,C1,Yes,,154,12,142,154,125,101,5,5,0
STU369,Rhea Barad,EE,C2,Yes,,165,23,142,142,132,111,1,1,0
STU370,Dhanuk Randhawa,CSD,C1,Yes,,232,90,142,232,163,129,4,2,2
STU371,Aniruddh Dave,CSE-AIML,C1,Yes,,232,90,142,232,193,176,4,2,2
STU372,Kiara Balay,EE,C4,No,Backlogs>=2,165,23,142,0,0,0,0,0,0
STU373,Ryan Mani,CSE,C2,Yes,,232,90,142,192,164,156,4,1,3
STU374,Anahita Lad,CSD,C3,Yes,,232,90,142,115,98,96,0,0,0
STU375,Raghav Rastogi,IT,C5,No,10th/12th <60,232,90,142,0,0,0,0,0,0
STU376,Ritvik Bava,CSE,C4,No,Backlogs>=2,232,90,142,0,0,0,0,0,0
STU377,Nishith Lalla,IT,C1,Yes,,232,90,142,232,192,159,2,1,1
STU378,Dhanush Khare,CSD,C1,Yes,,232,90,142,232,211,183,2,0,2
STU379,Amani Dalal,IT,C1,Yes,,232,90,142,232,202,172,6,4,2
STU380,Aaryahi Kala,CSD,C1,Yes,,232,90,142,232,224,189,5,4,1
STU381,Mehul Sheth,IT,C1,Yes,,232,90,142,232,214,151,3,2,1
STU382,Adira Walia,CSD,C1,Yes,,232,90,142,232,168,144,3,1,2
STU383,Amira Bala,EE,C3,Yes,,165,23,142,84,64,57,0,0,0
STU384,Sara Garg,IT,C4,No,Backlogs>=2,232,90,142,0,0,0,0,0,0
STU385,Vedika Varghese,CSD,C4,No,Backlogs>=2,232,90,142,0,0,0,0,0,0
STU386,Azad Sehgal,CSE,C2,Yes,,232,90,142,192,182,180,0,0,0
STU387,Tara Sen,CSE-AIML,C2,Yes,,232,90,142,192,156,113,3,1,2
STU388,Seher Krishna,EE,C4,No,Backlogs>=2,165,23,142,0,0,0,0,0,0
STU389,Bhavin Butala,IT,C1,Yes,,232,90,142,232,190,177,5,4,1
STU390,Hansh Bhalla,CSE,C4,No,Backlogs>=2,232,90,142,0,0,0,0,0,0
STU391,Seher Guha,Civil,C1,Yes,,156,14,142,156,128,126,2,1,1
STU392,Ivana Chakrabarti,Civil,C4,No,Backlogs>=2,156,14,142,0,0,0,0,0,0
STU393,Devansh Sarkar,CSE,C4,No,Backlogs>=2,232,90,142,0,0,0,0,0,0
STU394,Prerak Wali,CSE-AIML,C1,Yes,,232,90,142,232,200,162,4,3,1
STU395,Kashvi Sachdev,IT,C3,Yes,,232,90,142,115,111,78,1,1,0
STU396,Nitya Bava,CSD,C4,No,Backlogs>=2,232,90,142,0,0,0,0,0,0
STU397,Ayesha Thaman,CSE,C1,Yes,,232,90,142,232,212,203,3,2,1
STU398,Dhanush Grewal,CSD,C1,Yes,,232,90,142,232,189,139,0,0,0
STU399,Ritvik Ramesh,ME,C1,Yes,,154,12,142,154,124,120,3,0,3
STU400,Myra Dhawan,ME,C1,Yes,,154,12,142,154,110,104,7,5,2
STU401,Dhanuk Shanker,IT,C1,Yes,,232,90,142,232,169,158,2,0,2
STU402,Seher Kunda,EC,C1,Yes,,142,0,142,161,133,113,1,0,1
STU403,Madhup Desai,IT,C1,Yes,,232,90,142,232,213,164,6,4,2
STU404,Priyansh Kapadia,CSE-AIML,C1,Yes,,232,90,142,232,198,149,3,2,1
STU405,Emir Dube,CSE-AIML,C1,Yes,,232,90,142,232,165,126,0,0,0
STU406,Urvi Grover,EC,C1,Yes,,142,0,142,161,138,109,4,0,4
STU407,Madhup Roy,CSE,C1,Yes,,232,90,142,232,194,158,1,0,1
STU408,Badal Khurana,EC,C4,No,Backlogs>=2,142,0,142,0,0,0,0,0,0
STU409,Samaira Kumer,EE,C4,No,Backlogs>=2,165,23,142,0,0,0,0,0,0
STU410,Kismat Kara,ME,C2,Yes,,154,12,142,131,105,93,1,1,0
STU411,Vedika Sibal,CSD,C1,Yes,,232,90,142,232,221,203,3,1,2
STU412,Nirvi Dhillon,ME,C2,Yes,,154,12,142,131,114,100,0,0,0
STU413,Riya Kade,EC,C1,Yes,,142,0,142,161,113,84,4,0,4
STU414,Aaryahi Brar,CSE,C4,No,Backlogs>=2,232,90,142,0,0,0,0,0,0
STU415,Anvi Seshadri,ME,C1,Yes,,154,12,142,154,131,126,3,2,1
STU416,Dhanush Srinivas,CSE-AIML,C1,Yes,,232,90,142,232,201,143,1,0,1
STU417,Parinaaz Balakrishnan,EE,C1,Yes,,165,23,142,165,124,112,4,2,2
STU418,Kiara Korpal,Civil,C3,Yes,,156,14,142,79,70,49,0,0,0
STU419,Aarush Shere,CSE,C4,No,Backlogs>=2,232,90,142,0,0,0,0,0,0
STU420,Aradhya Devan,EC,C2,Yes,,142,0,142,137,112,93,0,0,0
STU421,Raghav Mahal,CSE,C4,No,Backlogs>=2,232,90,142,0,0,0,0,0,0
STU422,Stuvan Doshi,CSE,C3,Yes,,232,90,142,115,112,80,0,0,0
STU423,Samarth Bhandari,CSE-AIML,C4,No,Backlogs>=2,232,90,142,0,0,0,0,0,0
STU424,Fateh Dewan,CSE-AIML,C1,Yes,,232,90,142,232,219,217,1,1,0
STU425,Bhavin Ray,EE,C1,Yes,,165,23,142,165,157,153,0,0,0
STU426,Misha Ratti,CSE,C4,No,Backlogs>=2,232,90,142,0,0,0,0,0,0
STU427,Rania Kothari,CSD,C4,No,Backlogs>=2,232,90,142,0,0,0,0,0,0
STU428,Zaina Trivedi,EC,C1,Yes,,142,0,142,161,118,95,2,0,2
STU429,Chirag Chaudhary,CSE-AIML,C1,Yes,,232,90,142,232,178,137,5,2,3
STU430,Yuvraj  Sarna,IT,C1,Yes,,232,90,142,232,169,142,5,2,3
STU431,Gatik Ahuja,CSD,C1,Yes,,232,90,142,232,168,127,3,1,2
STU432,Zeeshan Hayer,CSE,C1,Yes,,232,90,142,232,170,137,1,1,0
STU433,Samiha Kari,CSE,C1,Yes,,232,90,142,232,192,146,3,1,2
STU434,Jiya Shan,CSD,C4,No,Backlogs>=2,232,90,142,0,0,0,0,0,0
STU435,Miraan Rajagopal,CSE-AIML,C1,Yes,,232,90,142,232,170,162,3,1,2
STU436,Tanya Loyal,CSE,C1,Yes,,232,90,142,232,197,171,4,3,1
STU437,Suhana Lala,ME,C1,Yes,,154,12,142,154,137,132,3,2,1
STU438,Dharmajan Sahni,ME,C2,Yes,,154,12,142,131,110,77,0,0,0
STU439,Aarav Upadhyay,CSD,C1,Yes,,232,90,142,232,206,189,3,2,1
STU440,Sana Soni,CSD,C1,Yes,,232,90,142,232,231,209,6,3,3
STU441,Arhaan Srivastava,EC,C1,Yes,,142,0,142,161,136,122,2,0,2
STU442,Shaan Rajagopal,CSE-AIML,C1,Yes,,232,90,142,232,219,213,2,2,0
STU443,Aarna Mallick,CSE-AIML,C1,Yes,,232,90,142,232,215,165,3,2,1
STU444,Samiha Kunda,IT,C1,Yes,,232,90,142,232,228,188,2,0,2
STU445,Jivin Ranganathan,CSE,C4,No,Backlogs>=2,232,90,142,0,0,0,0,0,0
STU446,Adah Ramanathan,CSE,C1,Yes,,232,90,142,232,209,155,3,1,2
STU447,Nirvi Kota,CSE,C1,Yes,,232,90,142,232,225,162,3,1,2
STU448,Devansh Gupta,IT,C1,Yes,,232,90,142,232,191,188,4,1,3
STU449,Tanya Sharaf,EE,C1,Yes,,165,23,142,165,148,112,5,3,2
STU450,Anaya Ramachandran,CSE,C1,Yes,,232,90,142,232,166,165,6,5,1
STU451,Kimaya Dutta,EE,C1,Yes,,165,23,142,165,160,143,2,2,0
STU452,Akarsh Sinha,CSE-AIML,C1,Yes,,232,90,142,232,186,163,3,1,2
STU453,Oorja Sabharwal,CSE,C1,Yes,,232,90,142,232,180,160,4,4,0
STU454,Nirvaan Rajagopal,IT,C1,Yes,,232,90,142,232,191,134,2,2,0
STU455,Zain Keer,ME,C1,Yes,,154,12,142,154,125,111,5,3,2
STU456,Kaira Sachdeva,CSE,C1,Yes,,232,90,142,232,207,175,3,3,0
STU457,Dishani Singhal,EE,C1,Yes,,165,23,142,165,163,143,2,2,0
STU458,Jayan Sanghvi,IT,C4,No,Backlogs>=2,232,90,142,0,0,0,0,0,0
STU459,Sahil Manda,ME,C1,Yes,,154,12,142,154,148,138,4,2,2
STU460,Oorja Gandhi,CSE,C4,No,Backlogs>=2,232,90,142,0,0,0,0,0,0
STU461,Lakshay Rajagopal,CSE,C4,No,Backlogs>=2,232,90,142,0,0,0,0,0,0
STU462,Aarna Choudhury,IT,C4,No,Backlogs>=2,232,90,142,0,0,0,0,0,0
STU463,Rania Bhargava,CSD,C1,Yes,,232,90,142,232,230,184,4,2,2
STU464,Heer Shetty,EE,C1,Yes,,165,23,142,165,116,111,6,4,2
STU465,Saira Korpal,CSD,C3,Yes,,232,90,142,115,106,82,0,0,0
STU466,Rohan Sule,ME,C1,Yes,,154,12,142,154,126,99,1,1,0
STU467,Charvi Bhatti,Civil,C5,No,10th/12th <60,156,14,142,0,0,0,0,0,0
STU468,Keya Yohannan,CSE,C4,No,Backlogs>=2,232,90,142,0,0,0,0,0,0
STU469,Lagan Bandi,CSD,C1,Yes,,232,90,142,232,205,180,6,2,4
STU470,Amira Vohra,CSE-AIML,C4,No,Backlogs>=2,232,90,142,0,0,0,0,0,0
STU471,Mohanlal Chanda,EE,C4,No,Backlogs>=2,165,23,142,0,0,0,0,0,0
STU472,Lavanya Borra,IT,C1,Yes,,232,90,142,232,176,162,2,1,1
STU473,Jayant Sandhu,IT,C1,Yes,,232,90,142,232,198,168,3,2,1
STU474,Prerak Shukla,IT,C4,No,Backlogs>=2,232,90,142,0,0,0,0,0,0
STU475,Samar Sangha,ME,C1,Yes,,154,12,142,154,135,115,2,0,2
STU476,Taimur Cherian,CSD,C3,Yes,,232,90,142,115,98,72,0,0,0
STU477,Shanaya Chawla,CSE-AIML,C5,No,10th/12th <60,232,90,142,0,0,0,0,0,0
STU478,Zoya Mangal,IT,C1,Yes,,232,90,142,232,171,153,1,0,1
STU479,Zain Dara,CSE,C1,Yes,,232,90,142,232,188,186,3,2,1
STU480,Indranil Basu,IT,C4,No,Backlogs>=2,232,90,142,0,0,0,0,0,0
STU481,Heer Amble,CSE,C1,Yes,,232,90,142,232,172,148,5,1,4
STU482,Pranay Chhabra,CSD,C4,No,Backlogs>=2,232,90,142,0,0,0,0,0,0
STU483,Samiha Chad,EE,C1,Yes,,165,23,142,165,145,136,1,0,1
STU484,Reyansh Ramachandran,Civil,C1,Yes,,156,14,142,156,148,110,5,3,2
STU485,Krish Chaudry,CSE,C1,Yes,,232,90,142,232,213,197,4,1,3
STU486,Bhamini Dhillon,CSE,C3,Yes,,232,90,142,115,111,103,2,2,0
STU487,Kiaan Chakrabarti,IT,C1,Yes,,232,90,142,232,165,135,5,4,1
STU488,Faiyaz Thakur,CSE,C1,Yes,,232,90,142,232,231,162,0,0,0
STU489,Anay Chandra,Civil,C4,No,Backlogs>=2,156,14,142,0,0,0,0,0,0
STU490,Eshani Badami,CSE,C1,Yes,,232,90,142,232,169,121,1,0,1
STU491,Advik Cheema,CSE-AIML,C1,Yes,,232,90,142,232,224,190,5,4,1
STU492,Dhruv Jaggi,IT,C1,Yes,,232,90,142,232,206,150,3,1,2
STU493,Alia Kala,CSD,C4,No,Backlogs>=2,232,90,142,0,0,0,0,0,0
STU494,Nirvi Trivedi,ME,C5,No,10th/12th <60,154,12,142,0,0,0,0,0,0
STU495,Aarav Subramanian,Civil,C4,No,Backlogs>=2,156,14,142,0,0,0,0,0,0
STU496,Rasha Jayaraman,CSE,C1,Yes,,232,90,142,232,167,156,4,2,2
STU497,Saira Loke,CSE,C1,Yes,,232,90,142,232,224,197,5,4,1
STU498,Raghav Walla,CSE-AIML,C1,Yes,,232,90,142,232,218,173,3,3,0
STU499,Biju Saraf,IT,C2,Yes,,232,90,142,192,155,113,0,0,0
STU500,Anika Sangha,EC,C1,Yes,,142,0,142,161,149,121,3,0,3
STU501,Sahil Sehgal,IT,C1,Yes,,232,90,142,232,164,149,3,1,2
STU502,Mehul Bhandari,EE,C1,Yes,,165,23,142,165,124,105,2,2,0
STU503,Pranay Ramesh,IT,C1,Yes,,232,90,142,232,223,222,5,3,2
STU504,Shayak D’Alia,IT,C1,Yes,,232,90,142,232,201,190,3,1,2
STU505,Advika Chandran,CSD,C1,Yes,,232,90,142,232,167,162,3,0,3
STU506,Damini Rastogi,CSE,C1,Yes,,232,90,142,232,172,157,4,2,2
STU507,Ivan Gaba,CSE,C1,Yes,,232,90,142,232,163,137,5,4,1
STU508,Nayantara Anne,CSD,C3,Yes,,232,90,142,115,104,81,0,0,0
STU509,Keya Bahl,CSD,C4,No,Backlogs>=2,232,90,142,0,0,0,0,0,0
STU510,Yasmin Sharma,CSE,C1,Yes,,232,90,142,232,186,178,2,2,0
STU511,Zeeshan Varkey,Civil,C1,Yes,,156,14,142,156,128,108,4,3,1
STU512,Trisha Bhandari,EE,C1,Yes,,165,23,142,165,158,123,3,1,2
STU513,Miraya Mammen,CSD,C1,Yes,,232,90,142,232,218,190,1,0,1
STU514,Aayush Date,ME,C1,Yes,,154,12,142,154,138,129,3,0,3
STU515,Chirag Lad,CSE,C1,Yes,,232,90,142,232,209,179,3,2,1
STU516,Dhanush Krishnamurthy,ME,C4,No,Backlogs>=2,154,12,142,0,0,0,0,0,0
STU517,Zaina Kara,CSE,C1,Yes,,232,90,142,232,228,219,7,5,2
STU518,Anika Tak,IT,C3,Yes,,232,90,142,115,98,73,0,0,0
STU519,Vihaan Dyal,CSE-AIML,C3,Yes,,232,90,142,115,108,95,1,0,1
STU520,Badal Goyal,CSE,C1,Yes,,232,90,142,232,217,214,4,3,1
STU521,Vaibhav Rao,EE,C1,Yes,,165,23,142,165,148,134,3,0,3
STU522,Chirag Deo,CSE,C5,No,10th/12th <60,232,90,142,0,0,0,0,0,0
STU523,Saanvi Grover,CSE,C3,Yes,,232,90,142,115,112,112,1,1,0
STU524,Vritika Dalal,IT,C1,Yes,,232,90,142,232,202,166,4,2,2
STU525,Dharmajan Bir,CSE,C1,Yes,,232,90,142,232,227,181,6,2,4
STU526,Tarini Bains,CSE,C2,Yes,,232,90,142,192,159,118,0,0,0
STU527,Mishti Sem,CSE,C5,No,10th/12th <60,232,90,142,0,0,0,0,0,0
STU528,Shamik Kala,EE,C1,Yes,,165,23,142,165,123,118,3,1,2
STU529,Jayan Cheema,EC,C1,Yes,,142,0,142,161,119,118,1,0,1
STU530,Jayant Madan,EE,C1,Yes,,165,23,142,165,136,119,5,2,3
STU531,Jhanvi Ramanathan,CSD,C1,Yes,,232,90,142,232,176,153,5,1,4
STU532,Aniruddh Uppal,CSD,C4,No,Backlogs>=2,232,90,142,0,0,0,0,0,0
STU533,Kiaan Randhawa,EE,C1,Yes,,165,23,142,165,122,107,3,2,1
STU534,Anvi Setty,EC,C1,Yes,,142,0,142,161,122,88,2,0,2
STU535,Nitara Krishna,CSE-AIML,C1,Yes,,232,90,142,232,203,155,6,3,3
STU536,Zoya Tella,IT,C1,Yes,,232,90,142,232,226,170,5,3,2
STU537,Miraan Deshpande,CSE,C3,Yes,,232,90,142,115,81,75,1,1,0
STU538,Badal Kaur,CSE-AIML,C1,Yes,,232,90,142,232,195,180,6,4,2
STU539,Yakshit Kohli,ME,C1,Yes,,154,12,142,154,143,103,2,2,0
STU540,Rhea Borra,CSD,C5,No,10th/12th <60,232,90,142,0,0,0,0,0,0
STU541,Nitya Shetty,CSD,C1,Yes,,232,90,142,232,169,160,3,2,1
STU542,Farhan Bava,CSE,C1,Yes,,232,90,142,232,211,163,2,2,0
STU543,Dishani Kata,CSE-AIML,C1,Yes,,232,90,142,232,192,143,5,3,2
STU544,Tushar Tandon,CSE-AIML,C1,Yes,,232,90,142,232,187,173,5,2,3
STU545,Sana Varty,IT,C1,Yes,,232,90,142,232,232,191,7,2,5
STU546,Mehul Shroff,EC,C1,Yes,,142,0,142,161,142,114,0,0,0
STU547,Anya Som,IT,C4,No,Backlogs>=2,232,90,142,0,0,0,0,0,0
STU548,Aarush Goel,EC,C1,Yes,,142,0,142,161,124,100,4,0,4
STU549,Tushar Kumar,Civil,C1,Yes,,156,14,142,156,151,148,7,4,3
STU550,Divij Mane,EE,C4,No,Backlogs>=2,165,23,142,0,0,0,0,0,0
STU551,Onkar Chander,CSD,C1,Yes,,232,90,142,232,228,162,3,3,0
STU552,Fateh Buch,EE,C3,Yes,,165,23,142,84,76,58,0,0,0
STU553,Shalv Swaminathan,CSD,C1,Yes,,232,90,142,232,217,174,2,2,0
STU554,Alia Dugar,EE,C1,Yes,,165,23,142,165,148,124,4,2,2
STU555,Yakshit Batta,CSD,C3,Yes,,232,90,142,115,96,91,0,0,0
STU556,Raghav Raja,CSE,C1,Yes,,232,90,142,232,181,175,0,0,0
STU557,Tanya Mann,IT,C4,No,Backlogs>=2,232,90,142,0,0,0,0,0,0
STU558,Vardaniya Dyal,EE,C3,Yes,,165,23,142,84,70,53,1,1,0
STU559,Nehmat Venkatesh,CSE-AIML,C1,Yes,,232,90,142,232,230,179,1,0,1
STU560,Tushar Jain,EC,C1,Yes,,142,0,142,161,132,104,0,0,0
STU561,Neelofar Kuruvilla,CSE,C1,Yes,,232,90,142,232,191,189,3,1,2
STU562,Anvi Goda,CSE,C1,Yes,,232,90,142,232,172,142,1,0,1
STU563,Madhup Bandi,CSD,C3,Yes,,232,90,142,115,82,60,0,0,0
STU564,Advika Loyal,CSE,C1,Yes,,232,90,142,232,226,220,4,2,2
STU565,Madhup Lanka,IT,C3,Yes,,232,90,142,115,113,108,1,0,1
STU566,Aarush Dewan,CSD,C1,Yes,,232,90,142,232,184,169,4,2,2
STU567,Sumer Taneja,IT,C1,Yes,,232,90,142,232,192,148,1,0,1
STU568,Anay Tank,CSE,C1,Yes,,232,90,142,232,218,195,2,0,2
STU569,Rania Salvi,CSE-AIML,C4,No,Backlogs>=2,232,90,142,0,0,0,0,0,0
STU570,Raghav Kaul,CSE,C1,Yes,,232,90,142,232,190,187,5,3,2
STU571,Aniruddh Loyal,EE,C1,Yes,,165,23,142,165,143,114,2,2,0
STU572,Piya Kumar,CSE,C1,Yes,,232,90,142,232,201,188,2,1,1
STU573,Jiya Madan,ME,C1,Yes,,154,12,142,154,128,99,5,2,3
STU574,Vritika Thaman,EE,C5,No,10th/12th <60,165,23,142,0,0,0,0,0,0
STU575,Jhanvi Varkey,IT,C1,Yes,,232,90,142,232,213,205,1,0,1
STU576,Nishith Doctor,CSE,C1,Yes,,232,90,142,232,219,177,4,2,2
STU577,Manjari Rao,CSD,C1,Yes,,232,90,142,232,219,190,4,3,1
STU578,Kaira Kamdar,ME,C1,Yes,,154,12,142,154,117,89,6,4,2
STU579,Aarav Anne,CSD,C3,Yes,,232,90,142,115,103,86,1,0,1
STU580,Taimur Garde,CSE,C5,No,10th/12th <60,232,90,142,0,0,0,0,0,0
STU581,Miraya Dora,CSD,C1,Yes,,232,90,142,232,197,151,5,2,3
STU582,Heer Bhat,CSE,C1,Yes,,232,90,142,232,215,202,0,0,0
STU583,Ishita Babu,CSE,C4,No,Backlogs>=2,232,90,142,0,0,0,0,0,0
STU584,Romil Kalita,ME,C1,Yes,,154,12,142,154,130,117,6,5,1
STU585,Reyansh Bhatnagar,CSD,C1,Yes,,232,90,142,232,190,143,0,0,0
STU586,Ishita Shukla,CSD,C1,Yes,,232,90,142,232,166,135,3,2,1
STU587,Mishti Khalsa,IT,C1,Yes,,232,90,142,232,223,213,4,2,2
STU588,Zain Balay,CSE,C4,No,Backlogs>=2,232,90,142,0,0,0,0,0,0
STU589,Nishith Saraf,CSD,C3,Yes,,232,90,142,115,85,84,1,0,1
STU590,Priyansh Saran,ME,C4,No,Backlogs>=2,154,12,142,0,0,0,0,0,0
STU591,Kiara Sami,EC,C1,Yes,,142,0,142,161,140,99,4,0,4
STU592,Samaira Thaman,CSD,C1,Yes,,232,90,142,232,217,183,3,2,1
STU593,Sana Kala,CSE,C1,Yes,,232,90,142,232,163,125,5,5,0
STU594,Pihu Sahota,CSE,C1,Yes,,232,90,142,232,230,226,3,2,1
STU595,Rasha Jhaveri,EC,C1,Yes,,142,0,142,161,150,117,2,0,2
STU596,Sara Gour,IT,C3,Yes,,232,90,142,115,99,80,0,0,0
STU597,Madhav Bansal,IT,C4,No,Backlogs>=2,232,90,142,0,0,0,0,0,0
STU598,Tiya Sampath,CSE-AIML,C1,Yes,,232,90,142,232,171,128,4,3,1
STU599,Nitya Sharaf,CSE,C4,No,Backlogs>=2,232,90,142,0,0,0,0,0,0
STU600,Biju Das,EE,C5,No,10th/12th <60,165,23,142,0,0,0,0,0,0
STU601,Shlok Kapur,CSD,C2,Yes,,232,90,142,192,158,114,2,0,2
STU602,Fateh Konda,CSE,C1,Yes,,232,90,142,232,198,153,1,1,0
STU603,Mahika Kuruvilla,CSE-AIML,C5,No,10th/12th <60,232,90,142,0,0,0,0,0,0
STU604,Umang Date,IT,C4,No,Backlogs>=2,232,90,142,0,0,0,0,0,0
STU605,Divit Ravi,CSE,C1,Yes,,232,90,142,232,220,167,1,0,1
STU606,Badal Kant,CSD,C1,Yes,,232,90,142,232,204,168,0,0,0
STU607,Taimur Sandhu,CSE,C1,Yes,,232,90,142,232,185,174,4,4,0
STU608,Neelofar Khalsa,EC,C1,Yes,,142,0,142,161,132,114,0,0,0
STU609,Indrans Master,EC,C1,Yes,,142,0,142,161,113,80,4,0,4
STU610,Lakshay Handa,CSE,C1,Yes,,232,90,142,232,222,213,5,3,2
STU611,Shayak Sama,CSE,C1,Yes,,232,90,142,232,184,176,1,1,0
STU612,Emir Gala,CSD,C5,No,10th/12th <60,232,90,142,0,0,0,0,0,0
STU613,Jivika Bhardwaj,ME,C5,No,10th/12th <60,154,12,142,0,0,0,0,0,0
STU614,Anaya Gour,IT,C4,No,Backlogs>=2,232,90,142,0,0,0,0,0,0
STU615,Lakshay Goswami,CSE,C2,Yes,,232,90,142,192,162,130,0,0,0
STU616,Lagan Sundaram,CSD,C3,Yes,,232,90,142,115,104,84,0,0,0
STU617,Renee Mangat,EC,C1,Yes,,142,0,142,161,116,81,2,0,2
STU618,Dhanush Contractor,CSD,C2,Yes,,232,90,142,192,183,131,1,0,1
STU619,Tanya Choudhary,CSD,C1,Yes,,232,90,142,232,215,196,2,1,1
STU620,Biju Lal,Civil,C1,Yes,,156,14,142,156,114,106,4,1,3
STU621,Heer Johal,IT,C1,Yes,,232,90,142,232,228,166,4,2,2
STU622,Ojas Dhar,Civil,C1,Yes,,156,14,142,156,139,134,6,4,2
STU623,Dishani Mall,IT,C1,Yes,,232,90,142,232,225,221,2,1,1
STU624,Diya Kohli,CSE-AIML,C1,Yes,,232,90,142,232,165,134,3,2,1
STU625,Navya Dhar,EC,C4,No,Backlogs>=2,142,0,142,0,0,0,0,0,0
STU626,Amani Ahuja,CSD,C5,No,10th/12th <60,232,90,142,0,0,0,0,0,0
STU627,Samar Batta,Civil,C4,No,Backlogs>=2,156,14,142,0,0,0,0,0,0
STU628,Tarini Banik,CSE,C1,Yes,,232,90,142,232,216,198,4,1,3
STU629,Nishith Bhandari,Civil,C1,Yes,,156,14,142,156,143,113,5,2,3
STU630,Taimur Anne,CSD,C1,Yes,,232,90,142,232,214,174,6,4,2
STU631,Ivana Shan,CSD,C1,Yes,,232,90,142,232,194,163,5,2,3
STU632,Abram Goel,IT,C1,Yes,,232,90,142,232,205,181,2,1,1
STU633,Aaina Ravi,CSE,C5,No,10th/12th <60,232,90,142,0,0,0,0,0,0
STU634,Anika Chada,CSE,C4,No,Backlogs>=2,232,90,142,0,0,0,0,0,0
STU635,Shamik Bassi,CSE,C1,Yes,,232,90,142,232,224,211,7,2,5
STU636,Hrishita Dey,IT,C1,Yes,,232,90,142,232,202,183,0,0,0
STU637,Shaan Borah,IT,C1,Yes,,232,90,142,232,216,176,3,1,2
STU638,Zara Hayre,IT,C1,Yes,,232,90,142,232,180,128,1,1,0
STU639,Hansh Soman,Civil,C1,Yes,,156,14,142,156,116,98,1,1,0
STU640,Prerak Ganesh,EC,C1,Yes,,142,0,142,161,153,122,1,0,1
STU641,Arhaan Sachdeva,CSD,C1,Yes,,232,90,142,232,228,189,5,3,2
STU642,Vedika Mangat,CSD,C1,Yes,,232,90,142,232,188,137,1,0,1
STU643,Gatik Dasgupta,CSE-AIML,C1,Yes,,232,90,142,232,221,196,2,0,2
STU644,Abram Sood,IT,C1,Yes,,232,90,142,232,195,138,3,0,3
STU645,Aaina Sundaram,EE,C4,No,Backlogs>=2,165,23,142,0,0,0,0,0,0
STU646,Hiran Lalla,IT,C1,Yes,,232,90,142,232,180,166,3,0,3
STU647,Vidur Banik,IT,C4,No,Backlogs>=2,232,90,142,0,0,0,0,0,0
STU648,Dharmajan Chaudhuri,IT,C1,Yes,,232,90,142,232,171,147,6,3,3
STU649,Zaina Sachdeva,CSE-AIML,C1,Yes,,232,90,142,232,176,124,4,1,3
STU650,Dhanush Bala,CSD,C1,Yes,,232,90,142,232,188,171,1,1,0
STU651,Nehmat Rege,IT,C4,No,Backlogs>=2,232,90,142,0,0,0,0,0,0
STU652,Devansh Madan,CSD,C1,Yes,,232,90,142,232,216,190,0,0,0
STU653,Tiya Dube,CSD,C1,Yes,,232,90,142,232,188,150,4,2,2
STU654,Rohan Randhawa,ME,C1,Yes,,154,12,142,154,129,118,3,2,1
STU655,Zara Koshy,Civil,C5,No,10th/12th <60,156,14,142,0,0,0,0,0,0
STU656,Jivika Ravel,CSE-AIML,C1,Yes,,232,90,142,232,203,164,2,2,0
STU657,Uthkarsh Lala,IT,C4,No,Backlogs>=2,232,90,142,0,0,0,0,0,0
STU658,Riya Bumb,CSE-AIML,C4,No,Backlogs>=2,232,90,142,0,0,0,0,0,0
STU659,Indrajit Sha,EC,C1,Yes,,142,0,142,161,115,87,1,0,1
STU660,Tiya Malhotra,CSE,C1,Yes,,232,90,142,232,181,153,4,1,3
STU661,Anika Koshy,EE,C1,Yes,,165,23,142,165,160,124,6,5,1
STU662,Mehul Sahota,CSE,C4,No,Backlogs>=2,232,90,142,0,0,0,0,0,0
STU663,Anahi Sachdev,IT,C1,Yes,,232,90,142,232,231,228,2,1,1
STU664,Ojas Apte,IT,C4,No,Backlogs>=2,232,90,142,0,0,0,0,0,0
STU665,Baiju Bhagat,IT,C5,No,10th/12th <60,232,90,142,0,0,0,0,0,0
STU666,Elakshi Garg,CSD,C4,No,Backlogs>=2,232,90,142,0,0,0,0,0,0
STU667,Anaya Bahri,CSD,C3,Yes,,232,90,142,115,104,103,0,0,0
STU668,Piya Mangat,CSD,C1,Yes,,232,90,142,232,224,204,3,2,1
STU669,Rasha Mall,Civil,C4,No,Backlogs>=2,156,14,142,0,0,0,0,0,0
STU670,Prisha Chaudhry,CSE,C5,No,10th/12th <60,232,90,142,0,0,0,0,0,0
STU671,Taran Kunda,CSE,C1,Yes,,232,90,142,232,201,146,2,2,0
STU672,Vihaan Saxena,EC,C2,Yes,,142,0,142,137,112,80,1,0,1
STU673,Gokul Bhatti,CSE-AIML,C1,Yes,,232,90,142,232,230,190,0,0,0
STU674,Jivin Atwal,IT,C4,No,Backlogs>=2,232,90,142,0,0,0,0,0,0
STU675,Hazel Srinivas,CSE-AIML,C2,Yes,,232,90,142,192,154,130,0,0,0
STU676,Kabir Tata,CSD,C1,Yes,,232,90,142,232,214,164,7,2,5
STU677,Siya Hans,IT,C4,No,Backlogs>=2,232,90,142,0,0,0,0,0,0
STU678,Abram Ramesh,CSE,C1,Yes,,232,90,142,232,203,180,6,2,4
STU679,Reyansh Barman,Civil,C3,Yes,,156,14,142,79,59,51,0,0,0
STU680,Heer Majumdar,CSE-AIML,C1,Yes,,232,90,142,232,229,162,5,3,2
STU681,Aarna Barad,CSE-AIML,C1,Yes,,232,90,142,232,164,145,4,2,2
STU682,Sumer Basak,ME,C1,Yes,,154,12,142,154,111,88,2,1,1
STU683,Ishaan Tripathi,CSE-AIML,C1,Yes,,232,90,142,232,219,217,2,0,2
STU684,Elakshi Vohra,EE,C1,Yes,,165,23,142,165,141,134,3,2,1
STU685,Devansh Salvi,CSE,C1,Yes,,232,90,142,232,213,195,0,0,0
STU686,Dhanush Shankar,CSD,C4,No,Backlogs>=2,232,90,142,0,0,0,0,0,0
STU687,Alisha Buch,CSD,C2,Yes,,232,90,142,192,172,157,1,1,0
STU688,Rania Sanghvi,CSE,C1,Yes,,232,90,142,232,207,186,1,0,1
STU689,Advika Chawla,EC,C4,No,Backlogs>=2,142,0,142,0,0,0,0,0,0
STU690,Sahil Khosla,EE,C1,Yes,,165,23,142,165,119,112,4,1,3
STU691,Himmat Kade,CSE-AIML,C1,Yes,,232,90,142,232,215,166,2,1,1
STU692,Damini Sule,CSE,C1,Yes,,232,90,142,232,198,161,5,4,1
STU693,Yasmin Krishnan,CSE-AIML,C4,No,Backlogs>=2,232,90,142,0,0,0,0,0,0
STU694,Kismat Wagle,CSE,C1,Yes,,232,90,142,232,180,175,1,1,0
STU695,Piya Kanda,CSE,C1,Yes,,232,90,142,232,228,214,2,1,1
STU696,Umang Gaba,CSE,C1,Yes,,232,90,142,232,178,141,4,2,2
STU697,Alia Sangha,IT,C1,Yes,,232,90,142,232,171,131,3,1,2
STU698,Saanvi Dewan,IT,C1,Yes,,232,90,142,232,229,200,2,2,0
STU699,Arhaan Sule,CSE,C3,Yes,,232,90,142,115,115,88,1,1,0
STU700,Hrishita Issac,CSD,C1,Yes,,232,90,142,232,175,140,2,1,1
STU701,Jivin Cheema,CSE-AIML,C4,No,Backlogs>=2,232,90,142,0,0,0,0,0,0
STU702,Sara Doshi,ME,C4,No,Backlogs>=2,154,12,142,0,0,0,0,0,0
STU703,Hiran Walia,EE,C1,Yes,,165,23,142,165,165,151,4,0,4
STU704,Hridaan Lall,CSE,C4,No,Backlogs>=2,232,90,142,0,0,0,0,0,0
STU705,Renee Sankar,EC,C4,No,Backlogs>=2,142,0,142,0,0,0,0,0,0
STU706,Anya Seth,CSE,C5,No,10th/12th <60,232,90,142,0,0,0,0,0,0
STU707,Parinaaz Lalla,IT,C1,Yes,,232,90,142,232,215,155,7,4,3
STU708,Alisha Bakshi,EC,C1,Yes,,142,0,142,161,120,111,2,0,2
STU709,Renee Toor,IT,C1,Yes,,232,90,142,232,193,175,4,4,0
STU710,Gatik Dhillon,EC,C2,Yes,,142,0,142,137,135,112,2,0,2
STU711,Vanya Amble,EC,C1,Yes,,142,0,142,161,137,124,1,0,1
STU712,Kaira Dugar,IT,C5,No,10th/12th <60,232,90,142,0,0,0,0,0,0
STU713,Stuvan Mani,EC,C3,Yes,,142,0,142,81,75,71,0,0,0
STU714,Hunar Tella,CSE,C3,Yes,,232,90,142,115,88,77,0,0,0
STU715,Rasha Bera,IT,C1,Yes,,232,90,142,232,178,132,3,0,3
STU716,Madhav Varty,ME,C4,No,Backlogs>=2,154,12,142,0,0,0,0,0,0
STU717,Tarini Kuruvilla,CSD,C3,Yes,,232,90,142,115,99,73,0,0,0
STU718,Khushi Buch,CSD,C1,Yes,,232,90,142,232,203,195,1,0,1
STU719,Vihaan Bahri,CSD,C1,Yes,,232,90,142,232,230,178,1,0,1
STU720,Sumer Singhal,EE,C1,Yes,,165,23,142,165,123,103,3,0,3
STU721,Advik Korpal,CSE-AIML,C1,Yes,,232,90,142,232,197,141,1,1,0
STU722,Divyansh Buch,EE,C1,Yes,,165,23,142,165,127,103,2,1,1
STU723,Miraan Kade,IT,C1,Yes,,232,90,142,232,199,165,3,0,3
STU724,Misha Ramesh,EE,C1,Yes,,165,23,142,165,125,122,4,1,3
STU725,Anahita Soman,EC,C4,No,Backlogs>=2,142,0,142,0,0,0,0,0,0
STU726,Jivin Buch,CSD,C1,Yes,,232,90,142,232,168,148,6,1,5
STU727,Jayesh Ravel,CSE,C4,No,Backlogs>=2,232,90,142,0,0,0,0,0,0
STU728,Jayan Chauhan,CSE-AIML,C1,Yes,,232,90,142,232,179,140,4,3,1
STU729,Jhanvi Dube,IT,C4,No,Backlogs>=2,232,90,142,0,0,0,0,0,0
STU730,Kabir Kata,IT,C3,Yes,,232,90,142,115,112,91,0,0,0
STU731,Kiaan Ramanathan,CSD,C1,Yes,,232,90,142,232,211,160,4,3,1
STU732,Seher Kapur,EE,C3,Yes,,165,23,142,84,77,57,0,0,0
STU733,Yakshit Sabharwal,IT,C2,Yes,,232,90,142,192,158,141,1,0,1
STU734,Manjari Choudhry,EE,C5,No,10th/12th <60,165,23,142,0,0,0,0,0,0
STU735,Rasha Dyal,IT,C1,Yes,,232,90,142,232,223,160,1,0,1
STU736,Madhav Thaker,CSE,C1,Yes,,232,90,142,232,204,159,3,2,1
STU737,Priyansh Ramanathan,EE,C1,Yes,,165,23,142,165,156,124,5,3,2
STU738,Jayesh Kashyap,CSE,C1,Yes,,232,90,142,232,198,195,3,2,1
STU739,Manjari Basu,EE,C1,Yes,,165,23,142,165,154,130,2,1,1
STU740,Miraan Shukla,CSE,C3,Yes,,232,90,142,115,109,96,2,1,1
STU741,Advik Kapoor,CSE-AIML,C1,Yes,,232,90,142,232,181,151,5,3,2
STU742,Akarsh Balasubramanian,CSD,C1,Yes,,232,90,142,232,164,119,7,3,4
STU743,Zaina Sekhon,CSE,C4,No,Backlogs>=2,232,90,142,0,0,0,0,0,0
STU744,Jhanvi Korpal,ME,C4,No,Backlogs>=2,154,12,142,0,0,0,0,0,0
STU745,Adah Barad,EE,C4,No,Backlogs>=2,165,23,142,0,0,0,0,0,0
STU746,Samarth Bhagat,CSE,C5,No,10th/12th <60,232,90,142,0,0,0,0,0,0
STU747,Ojas Chadha,IT,C1,Yes,,232,90,142,232,197,176,2,1,1
STU748,Anya Sandal,IT,C4,No,Backlogs>=2,232,90,142,0,0,0,0,0,0
STU749,Saanvi Chacko,CSE,C1,Yes,,232,90,142,232,203,186,1,1,0
STU750,Anya Sheth,ME,C1,Yes,,154,12,142,154,149,145,4,1,3
STU751,Farhan Barad,CSE,C1,Yes,,232,90,142,232,230,197,6,3,3
STU752,Mohanlal Malhotra,IT,C3,Yes,,232,90,142,115,88,88,1,1,0
STU753,Suhana Chokshi,CSE,C1,Yes,,232,90,142,232,211,162,7,6,1
STU754,Anay Ramanathan,IT,C5,No,10th/12th <60,232,90,142,0,0,0,0,0,0
STU755,Ishaan Jayaraman,IT,C1,Yes,,232,90,142,232,182,165,4,1,3
STU756,Mahika Sen,IT,C3,Yes,,232,90,142,115,88,69,0,0,0
STU757,Faiyaz Anne,CSE-AIML,C1,Yes,,232,90,142,232,177,136,7,3,4
STU758,Taimur Chauhan,CSE-AIML,C1,Yes,,232,90,142,232,208,147,1,1,0
STU759,Dharmajan Vaidya,Civil,C1,Yes,,156,14,142,156,125,93,6,4,2
STU760,Kavya Dass,Civil,C1,Yes,,156,14,142,156,142,117,4,2,2
STU761,Sumer Iyer,CSE-AIML,C1,Yes,,232,90,142,232,198,150,3,2,1
STU762,Divit Kohli,Civil,C1,Yes,,156,14,142,156,135,131,5,3,2
STU763,Vidur Jani,CSE,C1,Yes,,232,90,142,232,213,207,5,3,2
STU764,Aarav Boase,CSE,C4,No,Backlogs>=2,232,90,142,0,0,0,0,0,0
STU765,Romil Deol,CSE,C1,Yes,,232,90,142,232,225,191,3,1,2
STU766,Stuvan Agate,EE,C1,Yes,,165,23,142,165,127,90,1,1,0
STU767,Kaira Andra,EC,C4,No,Backlogs>=2,142,0,142,0,0,0,0,0,0
STU768,Raghav Raju,EC,C5,No,10th/12th <60,142,0,142,0,0,0,0,0,0
STU769,Alia Hayer,CSE,C1,Yes,,232,90,142,232,170,140,3,1,2
STU770,Damini Dave,IT,C4,No,Backlogs>=2,232,90,142,0,0,0,0,0,0
STU771,Misha Seth,CSE,C1,Yes,,232,90,142,232,212,184,6,3,3
STU772,Indranil Mallick,CSD,C1,Yes,,232,90,142,232,221,215,3,0,3
STU773,Ivana Chauhan,CSE,C1,Yes,,232,90,142,232,207,181,2,2,0
STU774,Divij Singh,CSD,C4,No,Backlogs>=2,232,90,142,0,0,0,0,0,0
STU775,Nitara Aurora,CSD,C1,Yes,,232,90,142,232,193,158,3,2,1
STU776,Tushar Uppal,EE,C1,Yes,,165,23,142,165,147,130,2,1,1
STU777,Samiha Sant,EC,C1,Yes,,142,0,142,161,149,135,3,0,3
STU778,Amani Lalla,CSE,C1,Yes,,232,90,142,232,202,172,7,3,4
STU779,Adah Goda,CSD,C1,Yes,,232,90,142,232,200,196,3,1,2
STU780,Rhea Sawhney,CSE,C1,Yes,,232,90,142,232,196,176,5,3,2
STU781,Renee Wali,IT,C1,Yes,,232,90,142,232,172,131,3,1,2
STU782,Misha Bera,ME,C1,Yes,,154,12,142,154,143,109,1,0,1
STU783,Neelofar Vala,CSE,C4,No,Backlogs>=2,232,90,142,0,0,0,0,0,0
STU784,Sumer Viswanathan,CSE,C1,Yes,,232,90,142,232,168,129,1,0,1
STU785,Jiya Khosla,IT,C1,Yes,,232,90,142,232,228,183,4,3,1
STU786,Kashvi Gulati,IT,C2,Yes,,232,90,142,192,169,133,0,0,0
STU787,Shanaya Raman,CSE,C1,Yes,,232,90,142,232,228,162,1,1,0
STU788,Ishita Banerjee,CSE,C1,Yes,,232,90,142,232,174,158,4,3,1
STU789,Farhan Swaminathan,CSE,C4,No,Backlogs>=2,232,90,142,0,0,0,0,0,0
STU790,Aarna Boase,CSE,C4,No,Backlogs>=2,232,90,142,0,0,0,0,0,0
STU791,Jiya Guha,EE,C3,Yes,,165,23,142,84,68,54,0,0,0
STU792,Shlok Dua,Civil,C4,No,Backlogs>=2,156,14,142,0,0,0,0,0,0
STU793,Nirvi Bail,CSE,C4,No,Backlogs>=2,232,90,142,0,0,0,0,0,0
STU794,Anaya Mammen,CSD,C1,Yes,,232,90,142,232,228,180,5,4,1
STU795,Sahil Vala,CSE,C1,Yes,,232,90,142,232,196,144,1,1,0
STU796,Tiya Kalita,EE,C1,Yes,,165,23,142,165,146,138,3,0,3
STU797,Neysa Saraf,EE,C1,Yes,,165,23,142,165,146,109,1,1,0
STU798,Trisha Babu,IT,C1,Yes,,232,90,142,232,186,131,2,2,0
STU799,Heer Kakar,IT,C1,Yes,,232,90,142,232,222,203,2,1,1
STU800,Yashvi Toor,IT,C4,No,Backlogs>=2,232,90,142,0,0,0,0,0,0
STU801,Pihu Vasa,Civil,C1,Yes,,156,14,142,156,128,98,4,1,3
STU802,Saira Sura,CSE,C1,Yes,,232,90,142,232,210,194,2,1,1
STU803,Rania Kalla,EC,C1,Yes,,142,0,142,161,126,104,4,0,4
STU804,Kiaan Sarraf,EE,C1,Yes,,165,23,142,165,152,116,1,1,0
STU805,Trisha Lall,IT,C5,No,10th/12th <60,232,90,142,0,0,0,0,0,0
STU806,Tarini Barman,ME,C1,Yes,,154,12,142,154,129,113,4,3,1
STU807,Himmat Venkatesh,IT,C4,No,Backlogs>=2,232,90,142,0,0,0,0,0,0
STU808,Biju Virk,CSE,C3,Yes,,232,90,142,115,82,65,0,0,0
STU809,Lavanya Thakur,CSE,C1,Yes,,232,90,142,232,229,188,2,2,0
STU810,Kiara Johal,IT,C1,Yes,,232,90,142,232,221,210,5,2,3
STU811,Amani Balay,IT,C5,No,10th/12th <60,232,90,142,0,0,0,0,0,0
STU812,Baiju Devan,EE,C4,No,Backlogs>=2,165,23,142,0,0,0,0,0,0
STU813,Damini Varkey,IT,C1,Yes,,232,90,142,232,191,141,4,3,1
STU814,Yasmin Wable,IT,C4,No,Backlogs>=2,232,90,142,0,0,0,0,0,0
STU815,Tanya Gole,EE,C1,Yes,,165,23,142,165,148,121,2,2,0
STU816,Ishaan Chahal,IT,C1,Yes,,232,90,142,232,232,224,5,3,2
STU817,Eva Sood,CSD,C4,No,Backlogs>=2,232,90,142,0,0,0,0,0,0
STU818,Anaya Sinha,CSE,C1,Yes,,232,90,142,232,197,185,0,0,0
STU819,Inaaya  Salvi,CSE,C3,Yes,,232,90,142,115,91,84,0,0,0
STU820,Nehmat Gara,CSD,C1,Yes,,232,90,142,232,181,151,0,0,0
STU821,Taran Keer,EC,C1,Yes,,142,0,142,161,138,121,0,0,0
STU822,Keya Kanda,CSE,C4,No,Backlogs>=2,232,90,142,0,0,0,0,0,0
STU823,Sara Gulati,IT,C1,Yes,,232,90,142,232,202,186,7,2,5
STU824,Lakshay Chowdhury,EE,C4,No,Backlogs>=2,165,23,142,0,0,0,0,0,0
STU825,Vedika Som,IT,C1,Yes,,232,90,142,232,229,227,2,1,1
STU826,Pihu Virk,EE,C1,Yes,,165,23,142,165,147,132,5,2,3
STU827,Hunar Kunda,CSE,C1,Yes,,232,90,142,232,193,140,5,3,2
STU828,Zara Ramachandran,CSD,C3,Yes,,232,90,142,115,106,80,1,0,1
STU829,Hansh Sem,EC,C1,Yes,,142,0,142,161,144,101,0,0,0
STU830,Jivika Chaudhary,CSE,C1,Yes,,232,90,142,232,177,128,1,0,1
STU831,Adira Wason,Civil,C1,Yes,,156,14,142,156,119,96,4,3,1
STU832,Krish Ramachandran,CSE,C1,Yes,,232,90,142,232,208,155,3,0,3
STU833,Pihu Keer,CSE-AIML,C4,No,Backlogs>=2,232,90,142,0,0,0,0,0,0
STU834,Prisha Rout,IT,C1,Yes,,232,90,142,232,171,147,4,2,2
STU835,Suhana Balakrishnan,IT,C1,Yes,,232,90,142,232,166,148,6,2,4
STU836,Charvi Jayaraman,IT,C1,Yes,,232,90,142,232,226,159,1,0,1
STU837,Aradhya Gour,CSD,C1,Yes,,232,90,142,232,220,183,1,0,1
STU838,Bhamini Hayre,CSD,C4,No,Backlogs>=2,232,90,142,0,0,0,0,0,0
STU839,Keya Edwin,IT,C1,Yes,,232,90,142,232,171,130,4,2,2
STU840,Riaan Dey,IT,C3,Yes,,232,90,142,115,85,65,0,0,0
STU841,Sara Dara,CSE,C4,No,Backlogs>=2,232,90,142,0,0,0,0,0,0
STU842,Myra Amble,CSE-AIML,C4,No,Backlogs>=2,232,90,142,0,0,0,0,0,0
STU843,Vidur Acharya,CSD,C1,Yes,,232,90,142,232,223,196,4,3,1
STU844,Divit Bhandari,Civil,C1,Yes,,156,14,142,156,148,105,5,4,1
STU845,Tushar Kant,CSE,C1,Yes,,232,90,142,232,180,135,4,2,2
STU846,Kavya Khosla,EC,C2,Yes,,142,0,142,137,119,101,0,0,0
STU847,Shanaya Bobal,EE,C1,Yes,,165,23,142,165,152,117,2,1,1
STU848,Sana Sinha,EC,C3,Yes,,142,0,142,81,67,65,1,0,1
STU849,Ayesha Karpe,CSE,C1,Yes,,232,90,142,232,193,161,2,0,2
STU850,Pari Raja,IT,C1,Yes,,232,90,142,232,215,170,3,0,3
STU851,Himmat Lal,IT,C1,Yes,,232,90,142,232,228,220,6,5,1
STU852,Arhaan Bora,IT,C3,Yes,,232,90,142,115,102,97,0,0,0
STU853,Nitya Hayre,CSE,C4,No,Backlogs>=2,232,90,142,0,0,0,0,0,0
STU854,Nitara Aggarwal,IT,C4,No,Backlogs>=2,232,90,142,0,0,0,0,0,0
STU855,Amani Dugar,IT,C4,No,Backlogs>=2,232,90,142,0,0,0,0,0,0
STU856,Dhanuk Soman,IT,C1,Yes,,232,90,142,232,232,180,1,1,0
STU857,Manjari Anand,CSD,C2,Yes,,232,90,142,192,172,160,1,1,0
STU858,Zaina Zachariah,IT,C3,Yes,,232,90,142,115,110,96,1,1,0
STU859,Nehmat Master,EE,C1,Yes,,165,23,142,165,131,102,5,5,0
STU860,Mahika Bose,ME,C1,Yes,,154,12,142,154,138,124,3,3,0
STU861,Akarsh Shah,CSE,C1,Yes,,232,90,142,232,163,127,5,5,0
STU862,Ishaan Sanghvi,CSE,C1,Yes,,232,90,142,232,182,137,3,2,1
STU863,Drishya Chaudhuri,EC,C1,Yes,,142,0,142,161,152,123,1,0,1
STU864,Jhanvi Garg,EC,C1,Yes,,142,0,142,161,118,94,2,0,2
STU865,Vivaan Rout,EC,C1,Yes,,142,0,142,161,125,102,1,0,1
STU866,Priyansh Deep,CSD,C1,Yes,,232,90,142,232,222,204,2,1,1
STU867,Amira Bera,ME,C1,Yes,,154,12,142,154,113,107,1,1,0
STU868,Hrishita Apte,Civil,C3,Yes,,156,14,142,79,65,50,2,2,0
STU869,Krish Korpal,CSE,C1,Yes,,232,90,142,232,204,179,0,0,0
STU870,Nayantara Dhillon,CSE,C4,No,Backlogs>=2,232,90,142,0,0,0,0,0,0
STU871,Seher Shah,CSE,C4,No,Backlogs>=2,232,90,142,0,0,0,0,0,0
STU872,Trisha Chander,IT,C1,Yes,,232,90,142,232,204,203,2,2,0
STU873,Lagan Luthra,CSE,C1,Yes,,232,90,142,232,205,182,5,2,3
STU874,Taran Bava,EE,C1,Yes,,165,23,142,165,156,110,3,2,1
STU875,Shanaya Sahni,EE,C1,Yes,,165,23,142,165,157,119,5,3,2
STU876,Aniruddh Dugar,CSD,C4,No,Backlogs>=2,232,90,142,0,0,0,0,0,0
STU877,Aradhya Bhagat,CSE-AIML,C1,Yes,,232,90,142,232,180,127,3,1,2
STU878,Yuvraj  Bhakta,CSD,C1,Yes,,232,90,142,232,223,208,4,3,1
STU879,Ivana Taneja,CSE,C1,Yes,,232,90,142,232,204,178,1,0,1
STU880,Shamik Deep,CSE-AIML,C1,Yes,,232,90,142,232,168,151,1,1,0
STU881,Saksham Sarkar,IT,C1,Yes,,232,90,142,232,216,195,0,0,0
STU882,Shamik Dara,IT,C1,Yes,,232,90,142,232,204,168,2,2,0
STU883,Dishani Mann,CSE,C4,No,Backlogs>=2,232,90,142,0,0,0,0,0,0
STU884,Mohanlal Bansal,CSE,C1,Yes,,232,90,142,232,202,155,3,0,3
STU885,Aniruddh Sankar,CSE,C1,Yes,,232,90,142,232,231,185,3,0,3
STU886,Darshit Dugar,CSE,C1,Yes,,232,90,142,232,204,154,3,1,2
STU887,Kimaya Anand,CSE-AIML,C4,No,Backlogs>=2,232,90,142,0,0,0,0,0,0
STU888,Eshani Kakar,CSD,C1,Yes,,232,90,142,232,163,129,4,1,3
STU889,Seher Srinivas,IT,C1,Yes,,232,90,142,232,169,144,7,3,4
STU890,Myra Kapoor,CSE,C3,Yes,,232,90,142,115,82,62,0,0,0
STU891,Faiyaz Sengupta,IT,C1,Yes,,232,90,142,232,225,216,7,5,2
STU892,Adah Maharaj,CSE,C4,No,Backlogs>=2,232,90,142,0,0,0,0,0,0
STU893,Vedika Mandal,CSD,C1,Yes,,232,90,142,232,194,190,1,1,0
STU894,Advik Sampath,CSD,C1,Yes,,232,90,142,232,204,167,4,1,3
STU895,Vanya Hari,EC,C1,Yes,,142,0,142,161,142,111,0,0,0
STU896,Yakshit Ganesh,IT,C1,Yes,,232,90,142,232,180,161,2,2,0
STU897,Gatik Bhakta,CSE,C1,Yes,,232,90,142,232,172,164,1,1,0
STU898,Anika Baria,CSE,C1,Yes,,232,90,142,232,165,134,4,0,4
STU899,Ira Sangha,CSE-AIML,C1,Yes,,232,90,142,232,187,150,3,3,0
STU900,Pari Gulati,CSE,C2,Yes,,232,90,142,192,191,175,0,0,0
