company_id,company_name,location,domain,eligibility_branch_wise,eligibility_criteria,profile,skills_required,ctc_lpa,no_of_openings,no_of_students_placed,total_eligible_student,no_of_rounds_company_took,rounds_names,highest_elim_round,highest_elim_count,conversion_percent
Com0001,StartCo38,Pune,EdTech,All Branches,C3,Instructional Designer,"Content Design, Teaching Skills, Digital Marketing, Data Analysis, Communication",6.6,11,4,674,4,"Group Discussion,T1,Technical Interview,HR",T1,146,36.36
Com0003,StartCo27,Bangalore,EdTech,All Branches,C3,Academic Counselor,"Content Design, Teaching Skills, Digital Marketing, Data Analysis, Communication",3.7,16,12,674,3,"Technical Interview,HR,Aptitude",HR,293,75.0
Com0008,Infra.Market,Chennai,Sales,All Branches,C3,Sales Executive,"Communication, Negotiation, CRM tools, Presentation Skills, Lead Generation",6.8,11,9,674,5,"Coding,HR,Group Discussion,Technical Interview,Aptitude",GD,371,81.82
Com0010,StartCo70,Chennai,Finance,All Branches,C3,Equity Research Analyst,"Excel, SQL, Financial Modelling, Accounting, PowerBI, Basic Economics",7.3,20,1,674,2,"Group Discussion,Technical Interview",GD,194,5.0
Com0012,Cure.fit,Noida,EdTech,All Branches,C3,Content Developer,"Content Design, Teaching Skills, Digital Marketing, Data Analysis, Communication",5.3,16,12,674,2,"Technical Interview,HR",Technical Interview,393,75.0
Com0023,StartCo22,Bangalore,Sales,All Branches,C3,Account Manager,"Communication, Negotiation, CRM tools, Presentation Skills, Lead Generation",5.4,20,10,674,4,"HR,Coding,Technical Interview,Group Discussion",Technical Interview,220,50.0
Com0034,BookMyShow,Pune,EdTech,All Branches,C3,Learning Consultant,"Content Design, Teaching Skills, Digital Marketing, Data Analysis, Communication",4.8,17,5,674,2,"Technical Interview,HR",HR,386,29.41
Com0038,Vedantu,Pune,Sales,All Branches,C3,Account Manager,"Communication, Negotiation, CRM tools, Presentation Skills, Lead Generation",4.6,17,12,674,4,"Coding,Group Discussion,Technical Interview,HR",GD,231,70.59
Com0039,PhonePe,Chennai,EdTech,All Branches,C3,Education Sales Associate,"Content Design, Teaching Skills, Digital Marketing, Data Analysis, Communication",3.7,12,12,674,3,"Technical Interview,Coding,Aptitude",Technical Interview,140,100.0
Com0043,StartCo88,Gurugram,Finance,All Branches,C3,Tax Associate,"Excel, SQL, Financial Modelling, Accounting, PowerBI, Basic Economics",6.6,18,7,674,4,"Coding,Aptitude,Technical Interview,Group Discussion",Aptitude,254,38.89
Com0052,Swiggy,Noida,Sales,All Branches,C3,Account Manager,"Communication, Negotiation, CRM tools, Presentation Skills, Lead Generation",6.8,20,17,674,5,"Coding,Technical Interview,Group Discussion,HR,Aptitude",Aptitude,271,85.0
Com0053,StartCo12,Noida,EdTech,All Branches,C3,Instructional Designer,"Content Design, Teaching Skills, Digital Marketing, Data Analysis, Communication",4.9,16,4,674,4,"Group Discussion,HR,Coding,Aptitude",GD,335,25.0
Com0059,StartCo86,Chennai,Finance,All Branches,C3,Tax Associate,"Excel, SQL, Financial Modelling, Accounting, PowerBI, Basic Economics",5.9,15,7,674,4,"HR,Aptitude,Coding,Group Discussion",Aptitude,250,46.67
Com0060,StartCo65,Bangalore,Sales,All Branches,C3,Business Development Manager,"Communication, Negotiation, CRM tools, Presentation Skills, Lead Generation",4.8,19,10,674,5,"Coding,Group Discussion,Technical Interview,Aptitude,HR",Technical Interview,299,52.63
Com0064,StartCo19,Chennai,EdTech,All Branches,C3,Education Sales Associate,"Content Design, Teaching Skills, Digital Marketing, Data Analysis, Communication",5.6,19,2,674,4,"Group Discussion,Coding,Aptitude,Technical Interview",Aptitude,388,10.53
Com0066,ShareChat,Hyderabad,EdTech,All Branches,C3,Academic Counselor,"Content Design, Teaching Skills, Digital Marketing, Data Analysis, Communication",7.1,13,13,674,5,"Group Discussion,HR,Coding,Aptitude,Technical Interview",HR,135,100.0
Com0075,StartCo58,Chennai,Sales,All Branches,C3,Sales Executive,"Communication, Negotiation, CRM tools, Presentation Skills, Lead Generation",7.6,17,14,674,4,"Group Discussion,Aptitude,HR,Coding",GD,311,82.35
Com0076,StartCo74,Gurugram,EdTech,All Branches,C3,Academic Counselor,"Content Design, Teaching Skills, Digital Marketing, Data Analysis, Communication",6.2,10,1,674,3,"Group Discussion,Coding,Aptitude",GD,296,10.0
Com0081,Unacademy,Hyderabad,EdTech,All Branches,C3,Learning Consultant,"Content Design, Teaching Skills, Digital Marketing, Data Analysis, Communication",4.3,13,13,674,5,"Group Discussion,Coding,HR,Aptitude,Technical Interview",HR,196,100.0
Com0082,StartCo69,Bangalore,Finance,All Branches,C3,Investment Banking Analyst,"Excel, SQL, Financial Modelling, Accounting, PowerBI, Basic Economics",4.5,12,1,674,4,"Coding,Group Discussion,Aptitude,HR",HR,340,8.33
Com0088,StartCo78,Pune,EdTech,All Branches,C3,Instructional Designer,"Content Design, Teaching Skills, Digital Marketing, Data Analysis, Communication",3.3,18,15,674,3,"Aptitude,Coding,HR",Aptitude,368,83.33
Com0089,StartCo73,Bangalore,Sales,All Branches,C3,Account Manager,"Communication, Negotiation, CRM tools, Presentation Skills, Lead Generation",3.2,11,8,674,4,"HR,Group Discussion,Coding,Technical Interview",HR,221,72.73
Com0091,StartCo17,Noida,EdTech,All Branches,C3,Instructional Designer,"Content Design, Teaching Skills, Digital Marketing, Data Analysis, Communication",4.2,16,3,674,5,"Aptitude,Technical Interview,HR,Coding,Group Discussion",Coding,285,18.75
Com0100,StartCo105,Pune,Finance,All Branches,C3,Equity Research Analyst,"Excel, SQL, Financial Modelling, Accounting, PowerBI, Basic Economics",3.2,12,7,674,5,"Technical Interview,HR,Group Discussion,Coding,Aptitude",Aptitude,272,58.33
Com0101,StartCo53,Bangalore,EdTech,All Branches,C3,Learning Consultant,"Content Design, Teaching Skills, Digital Marketing, Data Analysis, Communication",6.7,12,2,674,4,"Aptitude,Group Discussion,Technical Interview,HR",Aptitude,387,16.67
Com0104,StartCo96,Hyderabad,Finance,All Branches,C3,Tax Associate,"Excel, SQL, Financial Modelling, Accounting, PowerBI, Basic Economics",6.8,11,5,674,3,"Group Discussion,HR,Aptitude",GD,363,45.45
Com0107,InMobi,Gurugram,Finance,All Branches,C3,Tax Associate,"Excel, SQL, Financial Modelling, Accounting, PowerBI, Basic Economics",5.8,19,11,674,4,"Group Discussion,HR,Aptitude,Coding",Aptitude,191,57.89
Com0110,PharmEasy,Bangalore,Finance,All Branches,C3,Risk Analyst,"Excel, SQL, Financial Modelling, Accounting, PowerBI, Basic Economics",3.8,12,4,674,5,"Aptitude,Group Discussion,Coding,Technical Interview,HR",GD,155,33.33
Com0117,StartCo81,Pune,EdTech,All Branches,C3,Academic Counselor,"Content Design, Teaching Skills, Digital Marketing, Data Analysis, Communication",3.7,10,8,674,2,"HR,Aptitude",HR,136,80.0
Com0119,Razorpay,Noida,EdTech,All Branches,C3,Content Developer,"Content Design, Teaching Skills, Digital Marketing, Data Analysis, Communication",7.1,15,1,674,3,"Group Discussion,HR,Technical Interview",GD,149,6.67
Com0126,StartCo76,Hyderabad,Sales,All Branches,C3,Business Development Manager,"Communication, Negotiation, CRM tools, Presentation Skills, Lead Generation",5.0,20,17,674,5,"Technical Interview,Group Discussion,HR,Coding,Aptitude",GD,311,85.0
Com0127,StartCo97,Gurugram,Finance,All Branches,C3,Tax Associate,"Excel, SQL, Financial Modelling, Accounting, PowerBI, Basic Economics",7.8,17,5,674,2,"Coding,Group Discussion",GD,176,29.41
Com0130,StartCo80,Chennai,Finance,All Branches,C3,Risk Analyst,"Excel, SQL, Financial Modelling, Accounting, PowerBI, Basic Economics",7.1,13,3,674,5,"Aptitude,HR,Technical Interview,Coding,Group Discussion",Aptitude,361,23.08
Com0132,StartCo82,Bangalore,EdTech,All Branches,C3,Instructional Designer,"Content Design, Teaching Skills, Digital Marketing, Data Analysis, Communication",7.5,16,8,674,4,"HR,Aptitude,Technical Interview,Coding",Technical Interview,213,50.0
Com0139,StartCo100,Hyderabad,Sales,All Branches,C3,Account Manager,"Communication, Negotiation, CRM tools, Presentation Skills, Lead Generation",3.3,11,5,674,5,"HR,Group Discussion,Aptitude,Coding,Technical Interview",Aptitude,173,45.45
Com0145,StartCo29,Gurugram,EdTech,All Branches,C3,Education Sales Associate,"Content Design, Teaching Skills, Digital Marketing, Data Analysis, Communication",6.0,20,1,674,2,"Aptitude,Coding",Coding,307,5.0
Com0146,StartCo45,Bangalore,EdTech,All Branches,C3,Instructional Designer,"Content Design, Teaching Skills, Digital Marketing, Data Analysis, Communication",6.9,18,3,674,2,"HR,Aptitude",Aptitude,268,16.67
Com0152,StartCo103,Noida,Finance,All Branches,C3,Equity Research Analyst,"Excel, SQL, Financial Modelling, Accounting, PowerBI, Basic Economics",5.6,17,12,674,2,"GD,Aptitude",Aptitude,343,70.59
Com0163,StartCo63,Hyderabad,Sales,All Branches,C3,Account Manager,"Communication, Negotiation, CRM tools, Presentation Skills, Lead Generation",5.4,13,11,674,5,"HR,Technical Interview,Group Discussion,Coding,Aptitude",HR,336,84.62
Com0165,Zerodha,Bangalore,Finance,All Branches,C3,Tax Associate,"Excel, SQL, Financial Modelling, Accounting, PowerBI, Basic Economics",3.9,13,7,674,2,"Technical Interview,Aptitude",Technical Interview,388,53.85
Com0169,Meesho,Pune,EdTech,All Branches,C3,Instructional Designer,"Content Design, Teaching Skills, Digital Marketing, Data Analysis, Communication",7.4,11,3,674,3,"Coding,HR,Technical Interview",HR,137,27.27
Com0176,StartCo104,Pune,Finance,All Branches,C3,Investment Banking Analyst,"Excel, SQL, Financial Modelling, Accounting, PowerBI, Basic Economics",3.6,13,2,674,4,"Aptitude,Coding,Group Discussion,HR",GD,140,15.38
Com0177,StartCo66,Noida,Finance,All Branches,C3,Risk Analyst,"Excel, SQL, Financial Modelling, Accounting, PowerBI, Basic Economics",8.0,19,5,674,4,"Aptitude,Technical Interview,Coding,Group Discussion",GD,396,26.32
Com0178,StartCo51,Chennai,Finance,All Branches,C3,Financial Analyst,"Excel, SQL, Financial Modelling, Accounting, PowerBI, Basic Economics",7.9,20,17,674,3,"Group Discussion,Coding,Aptitude",Aptitude,267,85.0
Com0181,Practo,Gurugram,EdTech,All Branches,C3,Learning Consultant,"Content Design, Teaching Skills, Digital Marketing, Data Analysis, Communication",3.1,15,10,674,2,"Coding,HR",HR,169,66.67
Com0185,StartCo79,Chennai,Sales,All Branches,C3,Account Manager,"Communication, Negotiation, CRM tools, Presentation Skills, Lead Generation",3.8,16,13,674,2,"Coding,Group Discussion",GD,242,81.25
Com0190,StartCo7,Pune,EdTech,All Branches,C3,Learning Consultant,"Content Design, Teaching Skills, Digital Marketing, Data Analysis, Communication",8.0,17,14,674,2,"Technical Interview,Aptitude",Technical Interview,263,82.35
Com0203,StartCo20,Noida,EdTech,All Branches,C3,Education Sales Associate,"Content Design, Teaching Skills, Digital Marketing, Data Analysis, Communication",6.1,13,1,674,2,"Technical Interview,Coding",Technical Interview,262,7.69
Com0208,StartCo15,Noida,Finance,All Branches,C3,Investment Banking Analyst,"Excel, SQL, Financial Modelling, Accounting, PowerBI, Basic Economics",5.1,18,3,674,5,"Technical Interview,Coding,HR,Aptitude,Group Discussion",Aptitude,363,16.67
Com0210,StartCo3,Hyderabad,Finance,All Branches,C3,Risk Analyst,"Excel, SQL, Financial Modelling, Accounting, PowerBI, Basic Economics",6.8,16,14,674,5,"Aptitude,Group Discussion,Coding,HR,Technical Interview",Technical Interview,301,87.5
Com0212,StartCo55,Chennai,Finance,All Branches,C3,Investment Banking Analyst,"Excel, SQL, Financial Modelling, Accounting, PowerBI, Basic Economics",6.7,10,9,674,4,"Group Discussion,HR,Coding,Technical Interview",Coding,152,90.0
Com0218,StartCo52,Chennai,Sales,All Branches,C3,Account Manager,"Communication, Negotiation, CRM tools, Presentation Skills, Lead Generation",7.1,10,3,674,2,"Aptitude,HR",HR,328,30.0
Com0222,StartCo90,Noida,Sales,All Branches,C3,Sales Executive,"Communication, Negotiation, CRM tools, Presentation Skills, Lead Generation",6.8,10,5,674,2,"HR,Aptitude",HR,382,50.0
Com0224,StartCo60,Chennai,EdTech,All Branches,C3,Education Sales Associate,"Content Design, Teaching Skills, Digital Marketing, Data Analysis, Communication",5.0,15,11,674,2,"Technical Interview,HR",Technical Interview,162,73.33
Com0228,StartCo33,Hyderabad,Finance,All Branches,C3,Risk Analyst,"Excel, SQL, Financial Modelling, Accounting, PowerBI, Basic Economics",7.9,20,18,674,5,"Coding,Group Discussion,Aptitude,HR,Technical Interview",GD,243,90.0
Com0235,StartCo41,Chennai,Sales,All Branches,C3,Sales Executive,"Communication, Negotiation, CRM tools, Presentation Skills, Lead Generation",5.5,20,7,674,5,"Aptitude,Technical Interview,HR,Group Discussion,Coding",Aptitude,312,35.0
Com0241,Rivigo,Bangalore,Finance,All Branches,C3,Risk Analyst,"Excel, SQL, Financial Modelling, Accounting, PowerBI, Basic Economics",6.9,20,3,674,5,"Technical Interview,Group Discussion,Coding,Aptitude,HR",Technical Interview,201,15.0
Com0243,StartCo91,Bangalore,Sales,All Branches,C3,Inside Sales Associate,"Communication, Negotiation, CRM tools, Presentation Skills, Lead Generation",3.5,19,5,674,2,"Apptitude,GD",GD,279,26.32
Com0247,StartCo34,Bangalore,EdTech,All Branches,C3,Content Developer,"Content Design, Teaching Skills, Digital Marketing, Data Analysis, Communication",6.5,19,16,674,4,"HR,Coding,Technical Interview,Aptitude",HR,315,84.21
Com0252,StartCo48,Chennai,EdTech,All Branches,C3,Education Sales Associate,"Content Design, Teaching Skills, Digital Marketing, Data Analysis, Communication",4.4,15,13,674,3,"Technical Interview,Aptitude,Group Discussion",Aptitude,190,86.67
Com0258,StartCo32,Gurugram,Sales,All Branches,C3,Inside Sales Associate,"Communication, Negotiation, CRM tools, Presentation Skills, Lead Generation",5.4,16,5,674,2,"Group Discussion,Aptitude",GD,329,31.25
Com0259,StartCo61,Noida,EdTech,All Branches,C3,Instructional Designer,"Content Design, Teaching Skills, Digital Marketing, Data Analysis, Communication",6.4,20,17,674,2,"HR,Group Discussion",HR,267,85.0
Com0262,Groww,Bangalore,Finance,All Branches,C3,Risk Analyst,"Excel, SQL, Financial Modelling, Accounting, PowerBI, Basic Economics",5.6,14,11,674,2,"Group Discussion,HR",GD,363,78.57
Com0266,StartCo26,Chennai,Sales,All Branches,C3,Account Manager,"Communication, Negotiation, CRM tools, Presentation Skills, Lead Generation",7.4,15,15,674,3,"Aptitude,Coding,Group Discussion",Aptitude,349,100.0
Com0267,StartCo57,Chennai,Sales,All Branches,C3,Inside Sales Associate,"Communication, Negotiation, CRM tools, Presentation Skills, Lead Generation",4.0,12,11,674,5,"Technical Interview,Aptitude,Coding,HR,Group Discussion",Aptitude,254,91.67
Com0276,Freshworks,Noida,Sales,All Branches,C3,Inside Sales Associate,"Communication, Negotiation, CRM tools, Presentation Skills, Lead Generation",3.1,11,11,674,3,"Technical Interview,HR,Group Discussion",HR,265,100.0
Com0277,StartCo25,Hyderabad,EdTech,All Branches,C3,Content Developer,"Content Design, Teaching Skills, Digital Marketing, Data Analysis, Communication",4.1,20,9,674,5,"Aptitude,HR,Group Discussion,Technical Interview,Coding",HR,322,45.0
Com0285,StartCo42,Bangalore,EdTech,All Branches,C3,Education Sales Associate,"Content Design, Teaching Skills, Digital Marketing, Data Analysis, Communication",4.3,11,9,674,3,"Group Discussion,Technical Interview,Coding",GD,168,81.82
Com0287,Mobikwik,Bangalore,Sales,All Branches,C3,Business Development Manager,"Communication, Negotiation, CRM tools, Presentation Skills, Lead Generation",4.3,13,6,674,5,"Coding,Group Discussion,Aptitude,HR,Technical Interview",GD,219,46.15
Com0290,Paytm,Bangalore,Sales,All Branches,C3,Business Development Manager,"Communication, Negotiation, CRM tools, Presentation Skills, Lead Generation",6.6,18,5,674,2,"HR,Aptitude",Aptitude,159,27.78
Com0295,StartCo46,Bangalore,Finance,All Branches,C3,Investment Banking Analyst,"Excel, SQL, Financial Modelling, Accounting, PowerBI, Basic Economics",6.4,20,13,674,2,"Group Discussion,Coding",GD,238,65.0
Com0296,Flipkart,Noida,EdTech,All Branches,C3,Content Developer,"Content Design, Teaching Skills, Digital Marketing, Data Analysis, Communication",3.6,19,11,674,2,"Aptitude,Coding",Aptitude,259,57.89
Com0002,StartCo36,Hyderabad,Finance,All Branches,C2,Equity Research Analyst,"Excel, SQL, Financial Modelling, Accounting, PowerBI, Basic Economics",11.0,8,7,599,5,"GD1,Aptitude,HR,Technical Interview,Group Discussion",Technical Interview,296,87.5
Com0004,OYO,Hyderabad,Finance,All Branches,C2,Investment Banking Analyst,"Excel, SQL, Financial Modelling, Accounting, PowerBI, Basic Economics",4.9,9,3,599,5,"Group Discussion,HR,Aptitude,Coding,Technical Interview",Aptitude,251,33.33
Com0005,Tata Motors,Chennai,ME,ME,C2,Design Engineer,"CAD, SolidWorks, Thermodynamics, Manufacturing Processes",10.8,14,9,20,2,"Group Discussion,HR",GD,3,64.29
Com0006,TechCo32,Noida,Software,"CSE,CSD,CSE AIML,IT",C2,Data Engineer,"Python, SQL, Machine Learning, Data Analysis",9.8,9,1,448,3,"Coding,Technical Interview,HR",HR,146,11.11
Com0007,Google,Bangalore,Software,"CSE,CSD,CSE AIML,IT",C3,QA Engineer,"Selenium, Automation Testing, Java/Python, SDLC",8.0,10,1,488,2,"Group Discussion,HR",HR,253,10.0
Com0009,TechCo16,Chennai,Software,"CSE,CSD,CSE AIML,IT",C2,Data Engineer,"Python, SQL, Machine Learning, Data Analysis",7.7,7,6,448,2,"Group Discussion,HR",GD,139,85.71
Com0011,StartCo2,Gurugram,Finance,All Branches,C2,Investment Banking Analyst,"Excel, SQL, Financial Modelling, Accounting, PowerBI, Basic Economics",8.6,14,9,599,3,"Aptitude,Technical Interview,Group Discussion",Aptitude,226,64.29
Com0013,Nykaa,Chennai,Sales,All Branches,C2,Inside Sales Associate,"Communication, Negotiation, CRM tools, Presentation Skills, Lead Generation",10.2,13,12,599,3,"Technical Interview,Coding,HR",Technical Interview,125,92.31
Com0014,StartCo14,Pune,Sales,All Branches,C2,Inside Sales Associate,"Communication, Negotiation, CRM tools, Presentation Skills, Lead Generation",6.8,8,6,599,4,"HR,Group Discussion,Coding,Aptitude",HR,328,75.0
Com0015,StartCo94,Bangalore,Finance,All Branches,C2,Financial Analyst,"Excel, SQL, Financial Modelling, Accounting, PowerBI, Basic Economics",10.6,13,9,599,5,"HR,Technical Interview,Coding,Group Discussion,Aptitude",Technical Interview,152,69.23
Com0016,Infosys,Gurugram,Software,"CSE,CSD,CSE AIML,IT",C3,Backend Engineer,"DSA, Java, Python, SQL, System Design",3.5,14,2,488,4,"Aptitude,Coding,Group Discussion,HR",Coding,142,14.29
Com0017,TechCo46,Bangalore,Software,"CSE,CSD,CSE AIML,IT",C1,Frontend Engineer,"JavaScript, React, Node.js, HTML/CSS, REST APIs",19.0,5,5,355,5,"Technical Interview,Group Discussion,Coding,Aptitude,HR",GD,83,100.0
Com0018,TechCo40,Hyderabad,Software,"CSE,CSD,CSE AIML,IT",C3,SDE,"DSA, Java, Python, SQL, System Design",6.3,16,11,488,4,"Group Discussion,HR,Coding,Technical Interview",HR,188,68.75
Com0019,Mahindra & Mahindra,Hyderabad,Civil,Civil,C3,Civil Engineer,"AutoCAD, Structural Analysis, STAAD Pro, Construction Management",7.9,17,12,40,2,"Coding,Technical Interview",Technical Interview,9,70.59
Com0020,CoreCo33,Noida,EE,EE,C3,Control Systems Engineer,"Power Systems, Electrical Machines, Circuit Analysis, MATLAB",7.2,12,3,56,3,"Coding,HR,Aptitude",Coding,26,25.0
Com0021,StartCo9,Chennai,Sales,All Branches,C2,Inside Sales Associate,"Communication, Negotiation, CRM tools, Presentation Skills, Lead Generation",5.5,9,6,599,2,"Technical Interview,HR",Technical Interview,222,66.67
Com0022,CoreCo27,Pune,EC,EC,C2,Electronics Engineer,"VLSI, Embedded C, Digital Electronics, MATLAB",5.0,13,5,29,2,"Group Discussion,HR",GD,6,38.46
Com0024,CoreCo1,Hyderabad,EE,EE,C2,Power Systems Engineer,"Power Systems, Electrical Machines, Circuit Analysis, MATLAB",9.4,5,2,35,2,"Technical Interview,Aptitude",Aptitude,12,40.0
Com0025,Tech Mahindra,Bangalore,Software,"CSE,CSD,CSE AIML,IT",C1,Data Engineer,"Python, SQL, Machine Learning, Data Analysis",6.8,2,2,355,3,"HR,Coding,Group Discussion",HR,89,100.0
Com0026,Mphasis,Gurugram,Software,"CSE,CSD,CSE AIML,IT",C2,Backend Engineer,"DSA, Java, Python, SQL, System Design",11.7,15,11,448,5,"Coding,Group Discussion,HR,Aptitude,Technical Interview",Aptitude,217,73.33
Com0027,TechCo14,Gurugram,Software,"CSE,CSD,CSE AIML,IT",C1,ML Engineer,"Python, SQL, Machine Learning, Data Analysis",11.2,4,4,355,4,"Technical Interview,HR,Coding,Group Discussion",Technical Interview,164,100.0
Com0028,CoreCo19,Chennai,EE,EE,C3,Power Systems Engineer,"Power Systems, Electrical Machines, Circuit Analysis, MATLAB",7.0,14,3,56,5,"Group Discussion,Coding,Technical Interview,Aptitude,HR",Coding,11,21.43
Com0029,StartCo85,Hyderabad,Sales,All Branches,C2,Inside Sales Associate,"Communication, Negotiation, CRM tools, Presentation Skills, Lead Generation",10.0,6,5,599,2,"Aptitude,Group Discussion",GD,339,83.33
Com0030,Udaan,Bangalore,Sales,All Branches,C2,Business Development Manager,"Communication, Negotiation, CRM tools, Presentation Skills, Lead Generation",11.3,14,13,599,3,"Coding,Group Discussion,HR",HR,311,92.86
Com0031,NTPC,Gurugram,EE,EE,C3,Control Systems Engineer,"Power Systems, Electrical Machines, Circuit Analysis, MATLAB",4.1,17,15,56,2,"Coding,Technical Interview",Technical Interview,9,88.24
Com0032,TechCo6,Chennai,Software,"CSE,CSD,CSE AIML,IT",C2,QA Engineer,"Selenium, Automation Testing, Java/Python, SDLC",11.1,15,11,448,5,"Coding,Group Discussion,Technical Interview,Aptitude,HR",Coding,178,73.33
Com0033,StartCo8,Noida,Sales,All Branches,C1,Inside Sales Associate,"Communication, Negotiation, CRM tools, Presentation Skills, Lead Generation",12.1,5,5,426,4,"Group Discussion,Aptitude,Coding,HR",Aptitude,114,100.0
Com0035,TechCo19,Gurugram,Software,"CSE,CSD,CSE AIML,IT",C3,Full Stack Developer,"JavaScript, React, Node.js, HTML/CSS, REST APIs",5.6,18,3,488,3,"Aptitude,Coding,Technical Interview",Coding,227,16.67
Com0036,Bharat Heavy Electricals Ltd,Chennai,EC,EC,C2,VLSI Design Engineer,"VLSI, Embedded C, Digital Electronics, MATLAB",4.8,9,6,29,4,"Coding,Aptitude,Group Discussion,HR",GD,10,66.67
Com0037,StartCo77,Bangalore,Finance,All Branches,C1,Equity Research Analyst,"Excel, SQL, Financial Modelling, Accounting, PowerBI, Basic Economics",8.2,2,1,426,3,"Coding,Aptitude,HR",Aptitude,236,50.0
Com0040,StartCo43,Pune,EdTech,All Branches,C2,Education Sales Associate,"Content Design, Teaching Skills, Digital Marketing, Data Analysis, Communication",10.2,6,1,599,5,"Aptitude,Coding,HR,Technical Interview,Group Discussion",Technical Interview,210,16.67
Com0041,TechCo21,Gurugram,Software,"CSE,CSD,CSE AIML,IT",C3,QA Engineer,"Selenium, Automation Testing, Java/Python, SDLC",6.8,20,1,488,2,"HR,Coding",HR,255,5.0
Com0042,TechCo41,Noida,Software,"CSE,CSD,CSE AIML,IT",C2,Frontend Engineer,"JavaScript, React, Node.js, HTML/CSS, REST APIs",10.8,6,2,448,4,"HR,Technical Interview,Coding,Aptitude",Technical Interview,124,33.33
Com0044,StartCo101,Hyderabad,Sales,All Branches,C1,Inside Sales Associate,"Communication, Negotiation, CRM tools, Presentation Skills, Lead Generation",15.4,3,2,426,2,"Coding,Technical Interview",Technical Interview,101,66.67
Com0045,CoreCo14,Gurugram,ME,ME,C3,Design Engineer,"CAD, SolidWorks, Thermodynamics, Manufacturing Processes",3.6,11,6,37,2,"HR,Coding",Coding,10,54.55
Com0046,NIIT Technologies,Chennai,Software,"CSE,CSD,CSE AIML,IT",C3,QA Engineer,"Selenium, Automation Testing, Java/Python, SDLC",3.6,15,8,488,4,"Group Discussion,Technical Interview,HR,Coding",Technical Interview,140,53.33
Com0047,StartCo59,Noida,Finance,All Branches,C2,Tax Associate,"Excel, SQL, Financial Modelling, Accounting, PowerBI, Basic Economics",11.2,8,2,599,5,"Technical Interview,Coding,Aptitude,Group Discussion,HR",GD,209,25.0
Com0048,StartCo92,Pune,Finance,All Branches,C2,Equity Research Analyst,"Excel, SQL, Financial Modelling, Accounting, PowerBI, Basic Economics",7.2,6,2,599,2,"Coding,Aptitude",Aptitude,269,33.33
Com0049,CoreCo3,Gurugram,ME,ME,C3,Design Engineer,"CAD, SolidWorks, Thermodynamics, Manufacturing Processes",6.6,13,7,37,4,"HR,Technical Interview,Group Discussion,Coding",GD,10,53.85
Com0050,TechCo33,Hyderabad,Software,"CSE,CSD,CSE AIML,IT",C2,Backend Engineer,"DSA, Java, Python, SQL, System Design",6.2,12,9,448,5,"Aptitude,HR,Coding,Technical Interview,Group Discussion",HR,127,75.0
Com0051,TechCo29,Pune,Software,"CSE,CSD,CSE AIML,IT",C2,ML Engineer,"Python, SQL, Machine Learning, Data Analysis",8.0,5,1,448,2,"Coding,Group Discussion",GD,261,20.0
Com0054,TechCo36,Noida,Software,"CSE,CSD,CSE AIML,IT",C1,ML Engineer,"Python, SQL, Machine Learning, Data Analysis",12.0,3,2,355,4,"Group Discussion,HR,Aptitude,Coding",Coding,124,66.67
Com0055,StartCo35,Bangalore,Finance,All Branches,C2,Risk Analyst,"Excel, SQL, Financial Modelling, Accounting, PowerBI, Basic Economics",7.1,13,1,599,5,"HR,Group Discussion,Technical Interview,Coding,Aptitude",Technical Interview,166,7.69
Com0056,TechCo44,Pune,Software,"CSE,CSD,CSE AIML,IT",C2,Data Engineer,"Python, SQL, Machine Learning, Data Analysis",6.9,7,7,448,2,"Technical Interview,Group Discussion",Technical Interview,235,100.0
Com0057,StartCo4,Bangalore,EdTech,All Branches,C1,Content Developer,"Content Design, Teaching Skills, Digital Marketing, Data Analysis, Communication",15.3,4,1,426,3,"Coding,Technical Interview,Group Discussion",Technical Interview,183,25.0
Com0058,StartCo1,Bangalore,Sales,All Branches,C2,Account Manager,"Communication, Negotiation, CRM tools, Presentation Skills, Lead Generation",5.4,6,3,599,4,"Aptitude,Group Discussion,Technical Interview,Coding",Technical Interview,263,50.0
Com0061,StartCo40,Bangalore,Sales,All Branches,C1,Inside Sales Associate,"Communication, Negotiation, CRM tools, Presentation Skills, Lead Generation",16.4,3,3,426,2,"HR,Aptitude",Aptitude,171,100.0
Com0062,StartCo28,Noida,Finance,All Branches,C2,Equity Research Analyst,"Excel, SQL, Financial Modelling, Accounting, PowerBI, Basic Economics",6.8,11,4,599,2,"Technical Interview,HR",HR,348,36.36
Com0063,CoreCo13,Gurugram,EC,EC,C2,Electronics Engineer,"VLSI, Embedded C, Digital Electronics, MATLAB",6.0,11,7,29,5,"HR,Coding,Aptitude,Technical Interview,Group Discussion",Coding,11,63.64
Com0065,Tata Projects,Bangalore,EE,EE,C2,Control Systems Engineer,"Power Systems, Electrical Machines, Circuit Analysis, MATLAB",10.8,15,4,30,4,"Technical Interview,Coding,Group Discussion,Aptitude",Aptitude,8,26.67
Com0067,TechCo25,Pune,Software,"CSE,CSD,CSE AIML,IT",C2,Backend Engineer,"DSA, Java, Python, SQL, System Design",5.4,9,9,448,2,"Group Discussion,Aptitude",GD,245,100.0
Com0068,TechCo30,Noida,Software,"CSE,CSD,CSE AIML,IT",C3,Full Stack Developer,"JavaScript, React, Node.js, HTML/CSS, REST APIs",6.4,16,12,488,2,"Group Discussion,Coding",GD,254,75.0
Com0069,TechCo23,Noida,Software,"CSE,CSD,CSE AIML,IT",C2,Backend Engineer,"DSA, Java, Python, SQL, System Design",10.6,13,11,448,4,"Group Discussion,Aptitude,HR,Technical Interview",HR,197,84.62
Com0070,Byju's,Chennai,Sales,All Branches,C2,Account Manager,"Communication, Negotiation, CRM tools, Presentation Skills, Lead Generation",5.7,8,7,599,2,"Coding,HR",HR,317,87.5
Com0071,TechCo59,Hyderabad,Software,"CSE,CSD,CSE AIML,IT",C3,Frontend Engineer,"JavaScript, React, Node.js, HTML/CSS, REST APIs",6.5,18,12,488,2,"Technical Interview,Group Discussion",GD,168,66.67
Com0072,TechCo53,Gurugram,Software,"CSE,CSD,CSE AIML,IT",C3,Frontend Engineer,"JavaScript, React, Node.js, HTML/CSS, REST APIs",7.1,17,12,488,2,"HR,Aptitude",HR,145,70.59
Com0073,TechCo37,Pune,Software,"CSE,CSD,CSE AIML,IT",C2,QA Engineer,"Selenium, Automation Testing, Java/Python, SDLC",6.5,13,7,448,4,"Aptitude,Coding,Group Discussion,Technical Interview",Aptitude,211,53.85
Com0074,TechCo7,Pune,Software,"CSE,CSD,CSE AIML,IT",C1,QA Engineer,"Selenium, Automation Testing, Java/Python, SDLC",8.9,3,2,355,3,"Group Discussion,Technical Interview,HR",Technical Interview,191,66.67
Com0077,StartCo84,Pune,EdTech,All Branches,C2,Instructional Designer,"Content Design, Teaching Skills, Digital Marketing, Data Analysis, Communication",4.9,14,2,599,3,"HR,Coding,Technical Interview",Technical Interview,283,14.29
Com0078,Bikayi,Chennai,Sales,All Branches,C2,Business Development Manager,"Communication, Negotiation, CRM tools, Presentation Skills, Lead Generation",5.4,7,3,599,4,"Technical Interview,Coding,Aptitude,Group Discussion",Aptitude,238,42.86
Com0079,StartCo37,Hyderabad,Finance,All Branches,C2,Tax Associate,"Excel, SQL, Financial Modelling, Accounting, PowerBI, Basic Economics",11.4,5,1,599,3,"Aptitude,Group Discussion,HR",GD,343,20.0
Com0080,Oracle,Chennai,Software,"CSE,CSD,CSE AIML,IT",C3,ML Engineer,"Python, SQL, Machine Learning, Data Analysis",3.7,19,9,488,4,"Coding,Aptitude,Group Discussion,HR",HR,232,47.37
Com0083,TechCo11,Hyderabad,Software,"CSE,CSD,CSE AIML,IT",C3,QA Engineer,"Selenium, Automation Testing, Java/Python, SDLC",6.6,16,7,488,5,"HR,Technical Interview,Aptitude,Group Discussion,Coding",HR,212,43.75
Com0084,CoreCo17,Chennai,ME,ME,C2,Production Engineer,"CAD, SolidWorks, Thermodynamics, Manufacturing Processes",11.7,14,11,20,2,"Aptitude,Technical Interview",Technical Interview,5,78.57
Com0085,StartCo13,Chennai,Sales,All Branches,C2,Account Manager,"Communication, Negotiation, CRM tools, Presentation Skills, Lead Generation",4.3,7,5,599,3,"Technical Interview,Coding,HR",HR,166,71.43
Com0086,TechCo45,Pune,Software,"CSE,CSD,CSE AIML,IT",C3,Data Engineer,"Python, SQL, Machine Learning, Data Analysis",3.7,18,14,488,2,"Technical Interview,Aptitude",Technical Interview,164,77.78
Com0087,TechCo4,Pune,Software,"CSE,CSD,CSE AIML,IT",C2,ML Engineer,"Python, SQL, Machine Learning, Data Analysis",11.2,11,5,448,4,"HR,Technical Interview,Group Discussion,Coding",Coding,168,45.45
Com0090,StartCo67,Hyderabad,Sales,All Branches,C2,Territory Sales Manager,"Communication, Negotiation, CRM tools, Presentation Skills, Lead Generation",5.4,8,5,599,3,"HR,Technical Interview,Group Discussion",GD,246,62.5
Com0092,StartCo93,Noida,EdTech,All Branches,C1,Education Sales Associate,"Content Design, Teaching Skills, Digital Marketing, Data Analysis, Communication",7.1,3,1,426,5,"Group Discussion,Technical Interview,HR,Aptitude,Coding",GD,109,33.33
Com0093,StartCo64,Chennai,Finance,All Branches,C1,Financial Analyst,"Excel, SQL, Financial Modelling, Accounting, PowerBI, Basic Economics",18.1,3,1,426,4,"Technical Interview,Aptitude,HR,Group Discussion",GD,126,33.33
Com0094,TechCo17,Gurugram,Software,"CSE,CSD,CSE AIML,IT",C3,Backend Engineer,"DSA, Java, Python, SQL, System Design",3.1,16,3,488,3,"Coding,Group Discussion,HR",GD,114,18.75
Com0095,TechCo35,Hyderabad,Software,"CSE,CSD,CSE AIML,IT",C1,ML Engineer,"Python, SQL, Machine Learning, Data Analysis",17.2,4,4,355,4,"HR,Coding,Group Discussion,Aptitude",GD,119,100.0
Com0096,CoreCo25,Bangalore,Civil,Civil,C3,Structural Engineer,"AutoCAD, Structural Analysis, STAAD Pro, Construction Management",5.8,17,9,40,5,"Aptitude,Group Discussion,Coding,HR,Technical Interview",HR,7,52.94
Com0097,TechCo15,Bangalore,Software,"CSE,CSD,CSE AIML,IT",C3,QA Engineer,"Selenium, Automation Testing, Java/Python, SDLC",6.2,20,8,488,3,"Group Discussion,Aptitude,Coding",Aptitude,105,40.0
Com0098,TechCo13,Noida,Software,"CSE,CSD,CSE AIML,IT",C3,Full Stack Developer,"JavaScript, React, Node.js, HTML/CSS, REST APIs",6.4,12,3,488,4,"Coding,Group Discussion,HR,Aptitude",Coding,149,25.0
Com0099,TechCo62,Gurugram,Software,"CSE,CSD,CSE AIML,IT",C2,QA Engineer,"Selenium, Automation Testing, Java/Python, SDLC",7.7,11,2,448,4,"Technical Interview,HR,Group Discussion,Aptitude",Technical Interview,248,18.18
Com0102,Ola,Hyderabad,EdTech,All Branches,C1,Content Developer,"Content Design, Teaching Skills, Digital Marketing, Data Analysis, Communication",15.7,5,4,426,5,"Technical Interview,HR,Group Discussion,Coding,Aptitude",Technical Interview,199,80.0
Com0103,StartCo10,Gurugram,EdTech,All Branches,C1,Learning Consultant,"Content Design, Teaching Skills, Digital Marketing, Data Analysis, Communication",15.7,2,1,426,3,"Aptitude,Coding,Group Discussion",GD,196,50.0
Com0105,Siemens,Pune,ME,ME,C3,Production Engineer,"CAD, SolidWorks, Thermodynamics, Manufacturing Processes",7.3,17,1,37,3,"Coding,Technical Interview,Group Discussion",Technical Interview,11,5.88
Com0106,CoreCo37,Gurugram,EE,EE,C3,Electrical Engineer,"Power Systems, Electrical Machines, Circuit Analysis, MATLAB",6.7,16,16,56,4,"Aptitude,Group Discussion,Coding,Technical Interview",Technical Interview,10,100.0
Com0108,StartCo23,Chennai,Sales,All Branches,C2,Territory Sales Manager,"Communication, Negotiation, CRM tools, Presentation Skills, Lead Generation",9.8,7,3,599,5,"Technical Interview,Group Discussion,Aptitude,HR,Coding",GD,122,42.86
Com0109,TechCo20,Gurugram,Software,"CSE,CSD,CSE AIML,IT",C1,QA Engineer,"Selenium, Automation Testing, Java/Python, SDLC",17.7,5,4,355,4,"Group Discussion,Coding,Technical Interview,Aptitude",Technical Interview,82,80.0
Com0111,StartCo71,Bangalore,EdTech,All Branches,C1,Academic Counselor,"Content Design, Teaching Skills, Digital Marketing, Data Analysis, Communication",15.5,4,3,426,3,"HR,Aptitude,Group Discussion",Aptitude,199,75.0
Com0112,CoreCo24,Noida,EE,EE,C3,Electrical Engineer,"Power Systems, Electrical Machines, Circuit Analysis, MATLAB",5.4,18,8,56,4,"Technical Interview,Aptitude,HR,Coding",Aptitude,17,44.44
Com0113,TVS Motor Company,Bangalore,Civil,Civil,C3,Structural Engineer,"AutoCAD, Structural Analysis, STAAD Pro, Construction Management",7.8,17,15,40,2,"Aptitude,HR",Aptitude,14,88.24
Com0114,CoreCo8,Pune,Civil,Civil,C1,Structural Engineer,"AutoCAD, Structural Analysis, STAAD Pro, Construction Management",8.2,3,2,9,4,"Group Discussion,HR,Technical Interview,Aptitude",HR,4,66.67
Com0115,CoreCo18,Bangalore,EC,EC,C2,VLSI Design Engineer,"VLSI, Embedded C, Digital Electronics, MATLAB",7.5,6,2,29,5,"Aptitude,Coding,Group Discussion,Technical Interview,HR",HR,13,33.33
Com0116,TechCo51,Chennai,Software,"CSE,CSD,CSE AIML,IT",C3,QA Engineer,"Selenium, Automation Testing, Java/Python, SDLC",6.3,15,11,488,3,"HR,Group Discussion,Aptitude",HR,261,73.33
Com0118,StartCo50,Chennai,EdTech,All Branches,C2,Academic Counselor,"Content Design, Teaching Skills, Digital Marketing, Data Analysis, Communication",7.1,11,1,599,2,"Coding,Aptitude",Aptitude,211,9.09
Com0120,PolicyBazaar,Noida,Sales,All Branches,C1,Sales Executive,"Communication, Negotiation, CRM tools, Presentation Skills, Lead Generation",16.9,4,4,426,4,"Aptitude,HR,Technical Interview,Coding",HR,194,100.0
Com0121,StartCo16,Noida,Sales,All Branches,C2,Account Manager,"Communication, Negotiation, CRM tools, Presentation Skills, Lead Generation",8.1,8,2,599,4,"HR,Technical Interview,Group Discussion,Aptitude",HR,313,25.0
Com0122,Bharat Electronics Ltd,Noida,EC,EC,C2,VLSI Design Engineer,"VLSI, Embedded C, Digital Electronics, MATLAB",9.8,8,5,29,2,"Aptitude,Technical Interview",Technical Interview,11,62.5
Com0123,Zoho,Noida,Software,"CSE,CSD,CSE AIML,IT",C1,Frontend Engineer,"JavaScript, React, Node.js, HTML/CSS, REST APIs",12.3,2,1,355,2,"Group Discussion,Technical Interview",GD,198,50.0
Com0124,TechCo10,Noida,Software,"CSE,CSD,CSE AIML,IT",C2,Frontend Engineer,"JavaScript, React, Node.js, HTML/CSS, REST APIs",6.3,10,5,448,3,"Group Discussion,Coding,Aptitude",Coding,213,50.0
Com0125,Zensar,Hyderabad,Software,"CSE,CSD,CSE AIML,IT",C2,QA Engineer,"Selenium, Automation Testing, Java/Python, SDLC",5.2,12,2,448,5,"Group Discussion,Aptitude,HR,Technical Interview,Coding",Aptitude,165,16.67
Com0128,Persistent Systems,Noida,Software,"CSE,CSD,CSE AIML,IT",C2,Frontend Engineer,"JavaScript, React, Node.js, HTML/CSS, REST APIs",10.8,6,5,448,2,"Aptitude,Technical Interview",Technical Interview,234,83.33
Com0129,CoreCo11,Chennai,EE,EE,C1,Control Systems Engineer,"Power Systems, Electrical Machines, Circuit Analysis, MATLAB",19.9,4,3,30,4,"Technical Interview,Group Discussion,Aptitude,HR",GD,7,75.0
Com0131,TechCo39,Gurugram,Software,"CSE,CSD,CSE AIML,IT",C1,Full Stack Developer,"JavaScript, React, Node.js, HTML/CSS, REST APIs",16.9,5,3,355,5,"HR,Coding,Aptitude,Group Discussion,Technical Interview",GD,122,60.0
Com0133,TechCo42,Noida,Software,"CSE,CSD,CSE AIML,IT",C1,QA Engineer,"Selenium, Automation Testing, Java/Python, SDLC",13.9,2,2,355,2,"HR,Aptitude",HR,173,100.0
Com0134,TechCo26,Hyderabad,Software,"CSE,CSD,CSE AIML,IT",C1,Data Engineer,"Python, SQL, Machine Learning, Data Analysis",13.0,3,2,355,2,"Aptitude,Coding",Aptitude,152,66.67
Com0135,IBM,Hyderabad,Software,"CSE,CSD,CSE AIML,IT",C3,Frontend Engineer,"JavaScript, React, Node.js, HTML/CSS, REST APIs",5.0,18,11,488,2,"Group Discussion,Aptitude",Aptitude,138,61.11
Com0136,StartCo72,Hyderabad,EdTech,All Branches,C1,Education Sales Associate,"Content Design, Teaching Skills, Digital Marketing, Data Analysis, Communication",9.6,4,4,426,2,"Aptitude,Coding",Aptitude,109,100.0
Com0137,TechCo8,Pune,Software,"CSE,CSD,CSE AIML,IT",C2,SDE,"DSA, Java, Python, SQL, System Design",11.6,7,3,448,3,"Aptitude,Technical Interview,HR",Aptitude,211,42.86
Com0138,TechCo47,Noida,Software,"CSE,CSD,CSE AIML,IT",C3,Frontend Engineer,"JavaScript, React, Node.js, HTML/CSS, REST APIs",7.5,12,7,488,4,"Group Discussion,Aptitude,HR,Technical Interview",Aptitude,127,58.33
Com0140,Meesho2,Noida,Sales,All Branches,C1,Inside Sales Associate,"Communication, Negotiation, CRM tools, Presentation Skills, Lead Generation",16.7,2,1,426,3,"Technical Interview,Group Discussion,Coding",Technical Interview,218,50.0
Com0141,Maruti Suzuki,Gurugram,EE,EE,C3,Power Systems Engineer,"Power Systems, Electrical Machines, Circuit Analysis, MATLAB",6.9,18,6,56,5,"HR,Group Discussion,Aptitude,Technical Interview,Coding",Coding,22,33.33
Com0142,Wipro,Noida,Software,"CSE,CSD,CSE AIML,IT",C3,SDE,"DSA, Java, Python, SQL, System Design",6.0,17,9,488,5,"Technical Interview,Coding,HR,Group Discussion,Aptitude",Coding,197,52.94
Com0143,Urban Company,Noida,Finance,All Branches,C2,Equity Research Analyst,"Excel, SQL, Financial Modelling, Accounting, PowerBI, Basic Economics",9.6,6,4,599,3,"HR,Technical Interview,Coding",HR,324,66.67
Com0144,Larsen & Toubro,Noida,Civil,Civil,C3,Site Engineer,"AutoCAD, Structural Analysis, STAAD Pro, Construction Management",7.9,20,9,40,5,"Technical Interview,Coding,HR,Group Discussion,Aptitude",Coding,8,45.0
Com0147,StartCo6,Chennai,Finance,All Branches,C2,Tax Associate,"Excel, SQL, Financial Modelling, Accounting, PowerBI, Basic Economics",7.1,14,6,599,2,"Aptitude,Group Discussion",GD,319,42.86
Com0148,Engineers India Ltd,Chennai,EC,EC,C3,VLSI Design Engineer,"VLSI, Embedded C, Digital Electronics, MATLAB",7.6,14,11,40,4,"Coding,Aptitude,Technical Interview,HR",Aptitude,17,78.57
Com0149,Mphasis_1,Gurugram,Software,"CSE,CSD,CSE AIML,IT",C3,Full Stack Developer,"JavaScript, React, Node.js, HTML/CSS, REST APIs",3.0,17,7,488,5,"Aptitude,Technical Interview,Group Discussion,Coding,HR",HR,126,41.18
Com0150,TechCo12,Hyderabad,Software,"CSE,CSD,CSE AIML,IT",C3,Data Engineer,"Python, SQL, Machine Learning, Data Analysis",6.7,19,5,488,3,"Technical Interview,Coding,HR",HR,256,26.32
Com0151,TechCo24,Chennai,Software,"CSE,CSD,CSE AIML,IT",C3,Data Engineer,"Python, SQL, Machine Learning, Data Analysis",7.4,20,18,488,2,"Group Discussion,Aptitude",Aptitude,157,90.0
Com0153,CoreCo38,Hyderabad,EE,EE,C3,Power Systems Engineer,"Power Systems, Electrical Machines, Circuit Analysis, MATLAB",4.7,16,7,56,2,"Coding,Group Discussion",Coding,29,43.75
Com0154,Birlasoft,Noida,Software,"CSE,CSD,CSE AIML,IT",C2,Data Engineer,"Python, SQL, Machine Learning, Data Analysis",9.0,9,2,448,2,"Aptitude,Group Discussion",GD,179,22.22
Com0155,CoreCo23,Noida,EE,EE,C3,Electrical Engineer,"Power Systems, Electrical Machines, Circuit Analysis, MATLAB",5.4,13,2,56,4,"Aptitude,Technical Interview,Group Discussion,HR",Aptitude,29,15.38
Com0156,TechCo52,Bangalore,Software,"CSE,CSD,CSE AIML,IT",C3,Frontend Engineer,"JavaScript, React, Node.js, HTML/CSS, REST APIs",3.4,19,4,488,2,"Aptitude,Group Discussion",GD,220,21.05
Com0157,RouteMobile,Chennai,Software,"CSE,CSD,CSE AIML,IT",C2,SDE,"DSA, Java, Python, SQL, System Design",4.4,5,4,448,5,"Aptitude,HR,Technical Interview,Group Discussion,Coding",Technical Interview,265,80.0
Com0158,CoreCo32,Noida,EC,EC,C3,Embedded Systems Engineer,"VLSI, Embedded C, Digital Electronics, MATLAB",5.3,19,1,40,5,"Group Discussion,Aptitude,Coding,HR,Technical Interview",Technical Interview,11,5.26
Com0159,Ashok Leyland,Pune,ME,ME,C3,Design Engineer,"CAD, SolidWorks, Thermodynamics, Manufacturing Processes",6.6,10,10,37,3,"HR,Coding,Technical Interview",Technical Interview,10,100.0
Com0160,StartCo54,Chennai,EdTech,All Branches,C2,Instructional Designer,"Content Design, Teaching Skills, Digital Marketing, Data Analysis, Communication",5.5,14,8,599,3,"Aptitude,HR,Group Discussion",HR,179,57.14
Com0161,CoreCo5,Pune,ME,ME,C3,Production Engineer,"CAD, SolidWorks, Thermodynamics, Manufacturing Processes",6.9,19,18,37,3,"Group Discussion,Technical Interview,HR",Technical Interview,7,94.74
Com0162,BEML,Gurugram,EC,EC,C1,Embedded Systems Engineer,"VLSI, Embedded C, Digital Electronics, MATLAB",13.1,2,1,9,2,"Group Discussion,Technical Interview",GD,2,50.0
Com0164,Reliance Infrastructure,Chennai,Civil,Civil,C3,Site Engineer,"AutoCAD, Structural Analysis, STAAD Pro, Construction Management",7.6,17,8,40,3,"Coding,Group Discussion,Technical Interview",Coding,14,47.06
Com0166,Cognizant,Hyderabad,Software,"CSE,CSD,CSE AIML,IT",C3,ML Engineer,"Python, SQL, Machine Learning, Data Analysis",4.0,14,8,488,4,"Aptitude,HR,Group Discussion,Technical Interview",GD,178,57.14
Com0167,StartCo44,Gurugram,Sales,All Branches,C1,Account Manager,"Communication, Negotiation, CRM tools, Presentation Skills, Lead Generation",8.5,4,2,426,2,"Coding,Technical Interview",Technical Interview,207,50.0
Com0168,CoreCo20,Gurugram,EC,EC,C2,Electronics Engineer,"VLSI, Embedded C, Digital Electronics, MATLAB",11.1,15,13,29,4,"Coding,Technical Interview,HR,Aptitude",HR,5,86.67
Com0170,KEI Industries,Noida,EC,EC,C3,VLSI Design Engineer,"VLSI, Embedded C, Digital Electronics, MATLAB",5.9,10,10,40,4,"Coding,Technical Interview,Aptitude,Group Discussion",Aptitude,10,100.0
Com0171,CoreCo30,Noida,EC,EC,C3,Electronics Engineer,"VLSI, Embedded C, Digital Electronics, MATLAB",7.0,11,8,40,2,"Coding,Group Discussion",GD,9,72.73
Com0172,ABB India,Hyderabad,Civil,Civil,C2,Site Engineer,"AutoCAD, Structural Analysis, STAAD Pro, Construction Management",8.2,10,6,30,5,"Group Discussion,HR,Coding,Technical Interview,Aptitude",HR,12,60.0
Com0173,Capgemini,Pune,Software,"CSE,CSD,CSE AIML,IT",C3,Frontend Engineer,"JavaScript, React, Node.js, HTML/CSS, REST APIs",5.1,13,5,488,5,"HR,Coding,Group Discussion,Technical Interview,Aptitude",Coding,242,38.46
Com0174,TechCo34,Chennai,Software,"CSE,CSD,CSE AIML,IT",C1,Data Engineer,"Python, SQL, Machine Learning, Data Analysis",6.6,3,3,355,4,"Group Discussion,HR,Coding,Technical Interview",Technical Interview,183,100.0
Com0175,Cummins India,Noida,EE,EE,C2,Power Systems Engineer,"Power Systems, Electrical Machines, Circuit Analysis, MATLAB",5.4,11,1,35,3,"Technical Interview,Aptitude,Coding",Technical Interview,14,9.09
Com0179,TechCo22,Chennai,Software,"CSE,CSD,CSE AIML,IT",C1,Frontend Engineer,"JavaScript, React, Node.js, HTML/CSS, REST APIs",17.1,5,3,355,4,"Coding,Group Discussion,Technical Interview,HR",GD,107,60.0
Com0180,Bharat Forge,Chennai,EC,EC,C3,Embedded Systems Engineer,"VLSI, Embedded C, Digital Electronics, MATLAB",7.4,12,10,40,4,"Aptitude,Group Discussion,Technical Interview,Coding",Technical Interview,13,83.33
Com0182,CoreCo35,Bangalore,EE,EE,C2,Control Systems Engineer,"Power Systems, Electrical Machines, Circuit Analysis, MATLAB",11.6,11,4,35,2,"HR,Group Discussion",HR,10,36.36
Com0183,CoreCo7,Chennai,ME,ME,C2,Design Engineer,"CAD, SolidWorks, Thermodynamics, Manufacturing Processes",6.4,15,15,20,3,"Aptitude,Coding,HR",HR,2,100.0
Com0184,TechCo56,Noida,Software,"CSE,CSD,CSE AIML,IT",C3,Frontend Engineer,"JavaScript, React, Node.js, HTML/CSS, REST APIs",4.4,11,7,488,3,"Technical Interview,Aptitude,Coding",Technical Interview,139,63.64
Com0186,StartCo39,Bangalore,Sales,All Branches,C1,Sales Executive,"Communication, Negotiation, CRM tools, Presentation Skills, Lead Generation",10.3,3,1,426,5,"Coding,Technical Interview,Group Discussion,Aptitude,HR",GD,165,33.33
Com0187,Microsoft,Chennai,Software,"CSE,CSD,CSE AIML,IT",C3,Frontend Engineer,"JavaScript, React, Node.js, HTML/CSS, REST APIs",5.6,16,8,488,5,"Group Discussion,HR,Technical Interview,Aptitude,Coding",Technical Interview,206,50.0
Com0188,TechCo57,Chennai,Software,"CSE,CSD,CSE AIML,IT",C2,Data Engineer,"Python, SQL, Machine Learning, Data Analysis",10.6,11,10,448,3,"Group Discussion,Coding,Aptitude",Aptitude,190,90.91
Com0189,Zomato,Noida,Sales,All Branches,C2,Territory Sales Manager,"Communication, Negotiation, CRM tools, Presentation Skills, Lead Generation",7.1,14,2,599,2,"Coding,HR",HR,334,14.29
Com0191,CoreCo28,Gurugram,EE,EE,C2,Power Systems Engineer,"Power Systems, Electrical Machines, Circuit Analysis, MATLAB",5.7,7,3,35,2,"Group Discussion,Aptitude",GD,10,42.86
Com0192,Bosch India,Gurugram,Civil,Civil,C2,Site Engineer,"AutoCAD, Structural Analysis, STAAD Pro, Construction Management",10.0,11,6,12,3,"Group Discussion,Aptitude,HR",Aptitude,2,54.55
Com0193,StartCo87,Chennai,Sales,All Branches,C1,Business Development Manager,"Communication, Negotiation, CRM tools, Presentation Skills, Lead Generation",12.5,5,4,426,2,"HR,GD",HR,143,80.0
Com0194,Motherson Sumi,Gurugram,EE,EE,C2,Control Systems Engineer,"Power Systems, Electrical Machines, Circuit Analysis, MATLAB",10.7,7,2,35,2,"Coding,Technical Interview",Coding,12,28.57
Com0195,StartCo98,Gurugram,Sales,All Branches,C2,Business Development Manager,"Communication, Negotiation, CRM tools, Presentation Skills, Lead Generation",10.1,6,6,599,4,"Coding,Group Discussion,HR,Aptitude",GD,228,100.0
Com0196,CarDekho,Noida,Sales,All Branches,C2,Inside Sales Associate,"Communication, Negotiation, CRM tools, Presentation Skills, Lead Generation",4.4,12,12,599,2,"Group Discussion,Technical Interview",Technical Interview,137,100.0
Com0197,CRED,Bangalore,Sales,All Branches,C1,Account Manager,"Communication, Negotiation, CRM tools, Presentation Skills, Lead Generation",19.0,5,2,426,4,"Coding,HR,Aptitude,Technical Interview",Technical Interview,123,40.0
Com0198,CoreCo34,Pune,ME,ME,C3,Production Engineer,"CAD, SolidWorks, Thermodynamics, Manufacturing Processes",7.0,13,2,37,3,"Coding,Aptitude,HR",HR,18,15.38
Com0199,CoreCo21,Pune,Civil,Civil,C3,Structural Engineer,"AutoCAD, Structural Analysis, STAAD Pro, Construction Management",7.7,18,13,40,2,"Coding,HR",Coding,10,72.22
Com0200,StartCo21,Gurugram,EdTech,All Branches,C1,Education Sales Associate,"Content Design, Teaching Skills, Digital Marketing, Data Analysis, Communication",6.2,5,3,426,3,"Group Discussion,Coding,Aptitude",Aptitude,246,60.0
Com0201,CoreCo39,Gurugram,EE,EE,C3,Control Systems Engineer,"Power Systems, Electrical Machines, Circuit Analysis, MATLAB",5.1,11,4,56,5,"Aptitude,Coding,Group Discussion,HR,Technical Interview",HR,21,36.36
Com0202,StartCo30,Noida,EdTech,All Branches,C2,Education Sales Associate,"Content Design, Teaching Skills, Digital Marketing, Data Analysis, Communication",10.1,7,6,599,4,"Group Discussion,Aptitude,Coding,HR",HR,134,85.71
Com0204,StartCo11,Hyderabad,EdTech,All Branches,C2,Instructional Designer,"Content Design, Teaching Skills, Digital Marketing, Data Analysis, Communication",8.0,7,3,599,3,"Coding,Group Discussion,Aptitude",Aptitude,258,42.86
Com0205,Hexaware,Hyderabad,Software,"CSE,CSD,CSE AIML,IT",C3,Backend Engineer,"DSA, Java, Python, SQL, System Design",4.6,12,5,488,2,"HR,Group Discussion",GD,139,41.67
Com0206,StartCo47,Pune,EdTech,All Branches,C2,Content Developer,"Content Design, Teaching Skills, Digital Marketing, Data Analysis, Communication",5.6,10,4,599,2,"Coding,HR",HR,165,40.0
Com0207,StartCo49,Hyderabad,EdTech,All Branches,C2,Learning Consultant,"Content Design, Teaching Skills, Digital Marketing, Data Analysis, Communication",4.5,15,1,599,5,"Aptitude,Coding,HR,Technical Interview,Group Discussion",Coding,263,6.67
Com0209,CoreCo12,Chennai,Civil,Civil,C2,Site Engineer,"AutoCAD, Structural Analysis, STAAD Pro, Construction Management",11.7,9,8,30,3,"Technical Interview,Group Discussion,Aptitude",GD,5,88.89
Com0211,TechCo48,Hyderabad,Software,"CSE,CSD,CSE AIML,IT",C3,Full Stack Developer,"JavaScript, React, Node.js, HTML/CSS, REST APIs",4.5,16,15,488,4,"Group Discussion,HR,Aptitude,Coding",HR,157,93.75
Com0213,Delhivery,Pune,Sales,All Branches,C2,Business Development Manager,"Communication, Negotiation, CRM tools, Presentation Skills, Lead Generation",11.9,11,1,599,2,"Group Discussion,Coding",GD,207,9.09
Com0214,TechCo18,Gurugram,Software,"CSE,CSD,CSE AIML,IT",C3,ML Engineer,"Python, SQL, Machine Learning, Data Analysis",6.5,20,12,488,5,"Group Discussion,Coding,Aptitude,HR,Technical Interview",Aptitude,223,60.0
Com0215,Sonata Software,Gurugram,Software,"CSE,CSD,CSE AIML,IT",C2,Backend Engineer,"DSA, Java, Python, SQL, System Design",5.2,15,11,448,5,"Coding,Technical Interview,Aptitude,Group Discussion,HR",Coding,113,73.33
Com0216,TCS,Chennai,Software,"CSE,CSD,CSE AIML,IT",C2,Data Engineer,"Python, SQL, Machine Learning, Data Analysis",11.8,11,10,448,2,"HR,Coding",Coding,91,90.91
Com0217,TechCo60,Gurugram,Software,"CSE,CSD,CSE AIML,IT",C3,Full Stack Developer,"JavaScript, React, Node.js, HTML/CSS, REST APIs",6.7,19,10,488,2,"Aptitude,Technical Interview",Aptitude,279,52.63
Com0219,TechCo31,Chennai,Software,"CSE,CSD,CSE AIML,IT",C3,Backend Engineer,"DSA, Java, Python, SQL, System Design",4.9,12,3,488,3,"Coding,Group Discussion,Aptitude",Aptitude,161,25.0
Com0220,TechCo58,Bangalore,Software,"CSE,CSD,CSE AIML,IT",C3,ML Engineer,"Python, SQL, Machine Learning, Data Analysis",6.7,13,1,488,3,"Technical Interview,Group Discussion,Coding",Coding,113,7.69
Com0221,CoreCo42,Gurugram,EC,EC,C3,Electronics Engineer,"VLSI, Embedded C, Digital Electronics, MATLAB",4.9,14,2,40,4,"Aptitude,Technical Interview,HR,Group Discussion",GD,11,14.29
Com0223,CoreCo29,Gurugram,ME,ME,C2,Production Engineer,"CAD, SolidWorks, Thermodynamics, Manufacturing Processes",8.2,11,10,20,4,"Group Discussion,HR,Coding,Technical Interview",Coding,2,90.91
Com0225,CoreCo41,Hyderabad,Civil,Civil,C2,Site Engineer,"AutoCAD, Structural Analysis, STAAD Pro, Construction Management",8.8,7,1,30,4,"Coding,Technical Interview,HR,Group Discussion",GD,10,14.29
Com0226,CoreCo10,Bangalore,EE,EE,C2,Control Systems Engineer,"Power Systems, Electrical Machines, Circuit Analysis, MATLAB",11.0,5,3,35,4,"Group Discussion,Coding,Technical Interview,HR",HR,12,60.0
Com0227,TechCo27,Chennai,Software,"CSE,CSD,CSE AIML,IT",C3,Frontend Engineer,"JavaScript, React, Node.js, HTML/CSS, REST APIs",6.7,20,4,488,4,"HR,Coding,Technical Interview,Aptitude",HR,115,20.0
Com0229,CoreCo22,Bangalore,EE,EE,C3,Electrical Engineer,"Power Systems, Electrical Machines, Circuit Analysis, MATLAB",3.8,16,1,56,4,"Group Discussion,Technical Interview,Aptitude,Coding",Coding,26,6.25
Com0230,TechCo63,Gurugram,Software,"CSE,CSD,CSE AIML,IT",C3,ML Engineer,"Python, SQL, Machine Learning, Data Analysis",7.4,11,6,488,2,"Technical Interview,Group Discussion",GD,202,54.55
Com0231,PayU,Noida,Finance,All Branches,C2,Investment Banking Analyst,"Excel, SQL, Financial Modelling, Accounting, PowerBI, Basic Economics",6.1,8,4,599,4,"Aptitude,HR,Group Discussion,Coding",HR,143,50.0
Com0232,Subex,Chennai,Software,"CSE,CSD,CSE AIML,IT",C2,Backend Engineer,"DSA, Java, Python, SQL, System Design",8.6,10,7,448,2,"Technical Interview,Aptitude",Technical Interview,182,70.0
Com0233,Alstom,Pune,EE,EE,C3,Electrical Engineer,"Power Systems, Electrical Machines, Circuit Analysis, MATLAB",3.5,18,8,56,2,"HR,Group Discussion",GD,24,44.44
Com0234,StartCo18,Gurugram,EdTech,All Branches,C2,Content Developer,"Content Design, Teaching Skills, Digital Marketing, Data Analysis, Communication",7.6,12,11,599,4,"Coding,Aptitude,Technical Interview,HR",Technical Interview,320,91.67
Com0236,CoreCo40,Bangalore,Civil,Civil,C3,Civil Engineer,"AutoCAD, Structural Analysis, STAAD Pro, Construction Management",8.0,20,6,40,5,"Technical Interview,Group Discussion,HR,Coding,Aptitude",Coding,10,30.0
Com0237,Hindustan Aeronautics Limited,Hyderabad,EE,EE,C2,Electrical Engineer,"Power Systems, Electrical Machines, Circuit Analysis, MATLAB",9.6,9,4,35,5,"Aptitude,Coding,Group Discussion,HR,Technical Interview",HR,7,44.44
Com0238,StartCo75,Bangalore,Sales,All Branches,C2,Territory Sales Manager,"Communication, Negotiation, CRM tools, Presentation Skills, Lead Generation",7.9,12,12,599,3,"Coding,HR,Technical Interview",Technical Interview,184,100.0
Com0239,TechCo50,Bangalore,Software,"CSE,CSD,CSE AIML,IT",C3,Data Engineer,"Python, SQL, Machine Learning, Data Analysis",6.4,16,14,488,3,"Aptitude,HR,Coding",HR,262,87.5
Com0240,StartCo31,Gurugram,Sales,All Branches,C1,Account Manager,"Communication, Negotiation, CRM tools, Presentation Skills, Lead Generation",14.8,5,2,426,5,"Coding,Aptitude,Group Discussion,Technical Interview,HR",Technical Interview,135,40.0
Com0242,Thermax,Gurugram,EC,EC,C1,VLSI Design Engineer,"VLSI, Embedded C, Digital Electronics, MATLAB",9.8,2,2,9,2,"HR,Coding",Coding,3,100.0
Com0244,CoreCo4,Gurugram,EC,EC,C3,Embedded Systems Engineer,"VLSI, Embedded C, Digital Electronics, MATLAB",6.6,18,18,40,2,"Coding,Aptitude",Coding,11,100.0
Com0245,TechCo38,Bangalore,Software,"CSE,CSD,CSE AIML,IT",C3,Backend Engineer,"DSA, Java, Python, SQL, System Design",3.2,15,2,488,3,"Coding,Aptitude,Technical Interview",Aptitude,210,13.33
Com0246,TechCo3,Pune,Software,"CSE,CSD,CSE AIML,IT",C2,ML Engineer,"Python, SQL, Machine Learning, Data Analysis",5.4,10,9,448,2,"Coding,Technical Interview",Coding,190,90.0
Com0248,TechCo1,Chennai,Software,"CSE,CSD,CSE AIML,IT",C1,Full Stack Developer,"JavaScript, React, Node.js, HTML/CSS, REST APIs",19.4,4,2,355,3,"HR,Technical Interview,Coding",HR,103,50.0
Com0249,StartCo24,Chennai,Finance,All Branches,C2,Financial Analyst,"Excel, SQL, Financial Modelling, Accounting, PowerBI, Basic Economics",9.2,9,7,599,3,"Group Discussion,HR,Aptitude",HR,346,77.78
Com0250,TechCo54,Chennai,Software,"CSE,CSD,CSE AIML,IT",C3,Full Stack Developer,"JavaScript, React, Node.js, HTML/CSS, REST APIs",6.7,11,11,488,3,"Technical Interview,Coding,Group Discussion",Technical Interview,194,100.0
Com0251,CoreCo36,Pune,EE,EE,C2,Electrical Engineer,"Power Systems, Electrical Machines, Circuit Analysis, MATLAB",4.6,14,4,35,2,"HR,Aptitude",Aptitude,17,28.57
Com0253,StartCo83,Pune,EdTech,All Branches,C2,Instructional Designer,"Content Design, Teaching Skills, Digital Marketing, Data Analysis, Communication",9.8,7,5,599,4,"HR,Group Discussion,Aptitude,Coding",Aptitude,266,71.43
Com0254,CoreCo31,Pune,EE,EE,C3,Control Systems Engineer,"Power Systems, Electrical Machines, Circuit Analysis, MATLAB",7.7,12,6,56,5,"Coding,Technical Interview,Group Discussion,HR,Aptitude",Aptitude,10,50.0
Com0255,Dream11,Chennai,Sales,All Branches,C1,Inside Sales Associate,"Communication, Negotiation, CRM tools, Presentation Skills, Lead Generation",11.3,3,1,426,4,"Aptitude,Technical Interview,Group Discussion,HR",HR,111,33.33
Com0256,StartCo62,Pune,Finance,All Branches,C1,Tax Associate,"Excel, SQL, Financial Modelling, Accounting, PowerBI, Basic Economics",13.0,4,4,426,4,"Group Discussion,Coding,HR,Aptitude",HR,111,100.0
Com0257,TechCo61,Gurugram,Software,"CSE,CSD,CSE AIML,IT",C2,QA Engineer,"Selenium, Automation Testing, Java/Python, SDLC",4.6,15,2,448,3,"Aptitude,Coding,Technical Interview",Aptitude,100,13.33
Com0260,BHEL,Bangalore,EC,EC,C2,Electronics Engineer,"VLSI, Embedded C, Digital Electronics, MATLAB",10.7,6,3,29,4,"Aptitude,Group Discussion,Coding,Technical Interview",GD,9,50.0
Com0261,Accenture,Gurugram,Software,"CSE,CSD,CSE AIML,IT",C2,QA Engineer,"Selenium, Automation Testing, Java/Python, SDLC",10.9,13,13,448,4,"Technical Interview,Group Discussion,Coding,HR",GD,253,100.0
Com0263,StartCo68,Bangalore,EdTech,All Branches,C2,Content Developer,"Content Design, Teaching Skills, Digital Marketing, Data Analysis, Communication",6.8,10,5,599,2,"Technical Interview,Coding",Technical Interview,198,50.0
Com0264,TechCo28,Gurugram,Software,"CSE,CSD,CSE AIML,IT",C2,Full Stack Developer,"JavaScript, React, Node.js, HTML/CSS, REST APIs",4.7,12,4,448,3,"Group Discussion,Aptitude,Coding",GD,90,33.33
Com0265,TechCo49,Pune,Software,"CSE,CSD,CSE AIML,IT",C3,SDE,"DSA, Java, Python, SQL, System Design",4.5,16,12,488,5,"Coding,Technical Interview,Aptitude,HR,Group Discussion",Technical Interview,274,75.0
Com0268,CoreCo6,Bangalore,Civil,Civil,C2,Civil Engineer,"AutoCAD, Structural Analysis, STAAD Pro, Construction Management",11.7,7,1,30,2,"Coding,HR",HR,9,14.29
Com0269,CoreCo16,Chennai,EC,EC,C3,VLSI Design Engineer,"VLSI, Embedded C, Digital Electronics, MATLAB",5.1,20,11,40,2,"Group Discussion,HR",HR,13,55.0
Com0270,BigBasket,Hyderabad,EdTech,All Branches,C1,Content Developer,"Content Design, Teaching Skills, Digital Marketing, Data Analysis, Communication",8.1,3,3,426,3,"Coding,Technical Interview,Aptitude",Technical Interview,132,100.0
Com0271,Crompton Greaves,Chennai,EC,EC,C3,VLSI Design Engineer,"VLSI, Embedded C, Digital Electronics, MATLAB",6.5,17,4,40,3,"Coding,HR,Aptitude",Coding,20,23.53
Com0272,CoreCo15,Pune,EE,EE,C2,Control Systems Engineer,"Power Systems, Electrical Machines, Circuit Analysis, MATLAB",7.4,8,3,35,3,"Aptitude,HR,Coding",HR,11,37.5
Com0273,Myntra,Bangalore,Finance,All Branches,C2,Financial Analyst,"Excel, SQL, Financial Modelling, Accounting, PowerBI, Basic Economics",7.4,8,6,599,2,"HR,Group Discussion",HR,157,75.0
Com0274,StartCo95,Bangalore,Finance,All Branches,C2,Tax Associate,"Excel, SQL, Financial Modelling, Accounting, PowerBI, Basic Economics",9.7,9,6,599,3,"Technical Interview,Aptitude,Group Discussion",Technical Interview,240,66.67
Com0275,CoreCo2,Pune,ME,ME,C1,Production Engineer,"CAD, SolidWorks, Thermodynamics, Manufacturing Processes",12.6,3,2,12,2,"Group Discussion,Coding",Coding,5,66.67
Com0278,Amazon,Hyderabad,Software,"CSE,CSD,CSE AIML,IT",C3,Data Engineer,"Python, SQL, Machine Learning, Data Analysis",6.1,11,9,488,4,"Group Discussion,Coding,Technical Interview,Aptitude",GD,137,81.82
Com0279,TechCo43,Noida,Software,"CSE,CSD,CSE AIML,IT",C1,QA Engineer,"Selenium, Automation Testing, Java/Python, SDLC",12.3,4,3,355,2,"Group Discussion,Aptitude",Aptitude,186,75.0
Com0280,Freshworks_1,Hyderabad,Software,"CSE,CSD,CSE AIML,IT",C3,ML Engineer,"Python, SQL, Machine Learning, Data Analysis",6.5,19,9,488,3,"Technical Interview,Aptitude,HR",Technical Interview,181,47.37
Com0281,LTI,Chennai,Software,"CSE,CSD,CSE AIML,IT",C1,Data Engineer,"Python, SQL, Machine Learning, Data Analysis",18.2,5,5,355,2,"Coding,Group Discussion",GD,146,100.0
Com0282,Schneider Electric India,Gurugram,EC,EC,C2,VLSI Design Engineer,"VLSI, Embedded C, Digital Electronics, MATLAB",4.0,8,3,29,3,"HR,Aptitude,Technical Interview",Aptitude,12,37.5
Com0283,TechCo2,Hyderabad,Software,"CSE,CSD,CSE AIML,IT",C2,QA Engineer,"Selenium, Automation Testing, Java/Python, SDLC",6.4,9,4,448,4,"HR,Aptitude,Group Discussion,Technical Interview",HR,142,44.44
Com0284,TechCo5,Gurugram,Software,"CSE,CSD,CSE AIML,IT",C3,Data Engineer,"Python, SQL, Machine Learning, Data Analysis",4.4,14,3,488,2,"Coding,HR",Coding,216,21.43
Com0286,StartCo56,Pune,EdTech,All Branches,C2,Content Developer,"Content Design, Teaching Skills, Digital Marketing, Data Analysis, Communication",5.4,8,5,599,2,"HR,Aptitude",Aptitude,277,62.5
Com0288,TechCo9,Pune,Software,"CSE,CSD,CSE AIML,IT",C1,QA Engineer,"Selenium, Automation Testing, Java/Python, SDLC",17.4,5,2,355,3,"Coding,Group Discussion,Technical Interview",Coding,141,40.0
Com0289,HCLTech,Chennai,Software,"CSE,CSD,CSE AIML,IT",C3,Full Stack Developer,"JavaScript, React, Node.js, HTML/CSS, REST APIs",6.4,12,7,488,3,"Aptitude,Coding,HR",Coding,271,58.33
Com0291,CoreCo9,Bangalore,Civil,Civil,C2,Structural Engineer,"AutoCAD, Structural Analysis, STAAD Pro, Construction Management",4.3,15,15,30,3,"Aptitude,Technical Interview,HR",HR,3,100.0
Com0292,CoreCo26,Chennai,ME,ME,C3,Mechanical Engineer,"CAD, SolidWorks, Thermodynamics, Manufacturing Processes",7.3,18,11,37,2,"Coding,HR",HR,9,61.11
Com0293,StartCo89,Bangalore,Finance,All Branches,C2,Equity Research Analyst,"Excel, SQL, Financial Modelling, Accounting, PowerBI, Basic Economics",7.8,9,6,599,3,"Aptitude,Technical Interview,Group Discussion",GD,140,66.67
Com0294,Mindtree,Hyderabad,Software,"CSE,CSD,CSE AIML,IT",C2,Frontend Engineer,"JavaScript, React, Node.js, HTML/CSS, REST APIs",6.4,6,5,448,5,"Coding,Aptitude,Group Discussion,Technical Interview,HR",Technical Interview,97,83.33
Com0297,StartCo99,Gurugram,Finance,All Branches,C2,Risk Analyst,"Excel, SQL, Financial Modelling, Accounting, PowerBI, Basic Economics",5.2,15,7,599,4,"HR,Technical Interview,Coding,Aptitude",Aptitude,236,46.67
Com0298,TechCo55,Gurugram,Software,"CSE,CSD,CSE AIML,IT",C1,Backend Engineer,"DSA, Java, Python, SQL, System Design",18.1,2,1,355,3,"Coding,Technical Interview,Aptitude",Technical Interview,126,50.0
Com0299,StartCo102,Pune,EdTech,All Branches,C2,Content Developer,"Content Design, Teaching Skills, Digital Marketing, Data Analysis, Communication",8.6,6,1,599,4,"Coding,Aptitude,HR,Group Discussion",Aptitude,258,16.67
Com0300,StartCo5,Chennai,Sales,All Branches,C2,Territory Sales Manager,"Communication, Negotiation, CRM tools, Presentation Skills, Lead Generation",9.5,11,8,599,5,"HR,Technical Interview,Aptitude,Group Discussion,Coding",GD,148,72.73
